CSCOD,MENGE,EBELN,BSART,ADPRI,BEDAT,LIFNR,WAERS,ZZSTORT,MATNR,NETPR,NETWR,ZZJRRQ,ZZGHRQ,ZXLTAT,PNR_ID,CHID,剩余数量,ZMSGRP,ZUEQUNR,ZUMATNR,ZUSERNR,ZDEQUNR,ZDMATNR,ZDSERNR,ZSZBM,ZCHDAT,ZCHTIM,ZZCHYY,RONO
MU,1,1500006648,HQY,CRT,20230301,1000000141,RMB,B737NG,3214972-1,5000.0,5000.0,20230302,20230310.0,8.0,21-6X-18,,1,,,,,,,,,,,,
MU,1,1500007509,HQY,CRT,20230614,1000000575,RMB,B737NG,21933-01AD,25140.16,25140.16,20230614,20230630.0,16.0,21-3x-02,157548159T00225460001,0,B20A1,000000001002174096,21933-01AD,1196082,000000001001830842,21933-01AD,1911926,PKX,20230623.0,161120.0,DDF-2023-B20A1-0011-0001客舱增压自动增压失效灯亮(客舱增压自动增压失效灯亮 CABIN BOOSTER AUTOMATIC BOOSTER FAILURE LIGHT), 
MU,1,1500007521,HQY,AOG,20230615,1000000152,RMB,B737NG,607518-2,2000.0,2000.0,20230615,20230626.0,11.0,21-5X-37,157471806T00170270001,0,B5223,000000001002174110,607518-2,013C-5087,000000001000411330,607518-2,607518-08495,PKX,20230615.0,125339.0,RTSWO-2023-B5223-012 （检验：C）外站反映右组件冲压进气地面卡 在全关位，地面尝试空地转换无效 ，MEL21- 01-01-01失效右组件放行, 
MU,1,1500008178,HQY,NOR,20230823,1000000142,RMB,B737NG,3214972-1,200.0,200.0,20230824,20230905.0,12.0,21-6X-18,158164499T00987150001,0,B207Z,000000001000770446,3214972-1,4169,000000001002202050,3214972-1,2454,PKX,20230901.0,214423.0,生产指令：B737NG-A027-202308-00012-0001借件拆换，归还艾威胜。, 
MU,1,1500007964,HQY,NOR,20230802,1000000152,RMB,B737NG,67600014-1,12000.0,12000.0,20230802,20230815.0,13.0,21-5X-11,158028146T01229950001,0,B1306,000000001000821003,67600014-1,67600014-1492,000000001001409760,67600014-1,67600014-8518,SHA,20230815.0,134727.0,曾反映空中右侧冲压空气全开灯亮, 
MU,1,4100008798,HQY,AOG,20171211,1000000575,RMB,B737NG,67600014-1,66923.17,66923.17,20171212,20180316.0,94.0,21-5X-11,146707347T08310780001,0,B5689,000000001000959438,67600014-1,67600014-2969,000000001000925786,67600014-1,67600014-2894,WUH,20171213.0,121220.0,针对前期反映右组件PACK灯亮进一步排故。,17MW65651
MU,1,1600152033,HQY,AOG,20200412,1000000012,RMB,B737NG,645242-1,11812.63,11812.63,20200413,20200506.0,23.0,21-2x-28,151110113T00882740001,0,B7636,000000001001841274,645242-1,2656,000000001001844294,645242-1,2569,PVG,20200417.0,100832.0,CES-GCEOTK-2020-B737-21-306 海事卫星SDU冷却风扇检查和清洁, 
MU,1,1600181227,HQY,CRT,20200801,1000000141,RMB,B737NG,3290206-1,6473.39,6473.39,20200801,20200814.0,13.0,21-5X-36,151584407T00108410001,0,B6108,000000001000389108,3290206-1,6279,000000001001106544,3290206-1,9948,PVG,20200804.0,90809.0,开口项目NRC-2020-B6108-0052(左、右空调的PACK和管道温度都偏高),1600183207
MU,1,1600181721,HQY,AOG,20200803,1000000031,RMB,B737NG,4101054,10000.0,10000.0,20200811,20200814.0,3.0,21-2x-25,151629867T00067780001,0,B5140,000000001000564514,4101054,19507,000000001001859989,4101054,8493,SHA,20200812.0,93739.0,维修生产指令：B737NG-A035-202008-00042-0001 借件拆换，归还国航, 
MU,1,1600195976,HQY,AOG,20200922,1000000142,RMB,B737NG,3202444-1,1234.97,1234.97,20200923,20200927.0,4.0,21-6X-17,151868160T00226710001,0,B5610,000000001001550824,3202444-1,12384, , , ,SHA,20200925.0,100520.0,NPM-2020-5691-0004 串件装上, 
MU,1,1500002191,HQY,NOR,20200927,1000000152,RMB,B737NG,645242-1,14000.0,14000.0,20200928,20201103.0,36.0,21-2x-28,152068147T20356040001,0,B1471,000000001001882329,645242-1,3203,000000001001873718,645242-1,984,PKX,20201031.0,63932.0,指令B737NG-A027-202010-00007-0001借件拆换 归还翔腾, 
MU,1,4100007243,HQY,AOG,20170120,1000000141,RMB,B737NG,541674-4,1.0,1.0,20170123,20170210.0,18.0,21-5X-11,145337729T07146240001,0,B5475,000000001000440712,541674-4,10804,000000001001324711,541674-4,11043,WUH,20170208.0,82051.0,完成生产指令, 
MU,1,4100007165,HQY,AOG,20170103,1000000575,RMB,B737NG,21230-10BA,27438.37,27438.37,20170103,20170109.0,6.0,21-3x-03,,1,,,,,,,,,,,,
MU,1,4100007673,HQY,AOG,20170504,1000000155,RMB,B737NG,65-52810-64,4972.15,4972.15,20170504,20170512.0,8.0,21-5X-02,145698566T00097890002,0,B5692,000000001001131051,65-52810-64,F13752,000000001001182145,65-52810-64,F14070,SHA,20170504.0,83540.0,曾反映左ACT未全开, 
MU,1,4100007954,HQY,AOG,20170625,1000000141,RMB,B737NG,67600014-1,1.0,1.0,20170626,20171110.0,137.0,21-5X-11,146137193T17550250001,0,B1790,000000001000928462,67600014-1,67600014-2656,000000001001393917,67600014-1,67600014-1824,KMG,20170811.0,120410.0,生产指令：B737NG-A027-201708-00007-0001 借件归还，归还利钝, 
MU,1,4100007907,HQY,CRT,20170618,1000000575,RMB,B737NG,645242-1,30496.59,30496.59,20170618,20170901.0,75.0,21-2x-28,145893108T17360030001,0,B5815,000000001001382627,645242-1,108-494,000000001001383430,645242-1,2093,KMG,20170618.0,133309.0,生产指令DDF-2017-B5815-0002-0001 SDU冷却风扇失效(后区域温度灯亮。AFTER THE AREA TEMPERATURE LIGHTS.),17GW99593
MU,1,4100008004,HQY,NOR,20170703,1000000141,RMB,B737NG,67600014-1,1.0,1.0,20170705,20171016.0,103.0,21-5X-11,146239266T17884930001,0,B1990,000000001001148213,67600014-1,67600014-5238,000000001001419284,67600014-1,67600014-3495,NAY,20170902.0,61650.0,完成指令B737NG-A027-20708-00036-0001借件归还。, 
MU,1,4100008069,HQY,AOG,20170714,1000000141,RMB,B737NG,67600014-1,1.0,1.0,20170715,20171120.0,128.0,21-5X-11,146126073T17738690001,0,B1990,000000001001419284,67600014-1,67600014-3495,000000001000865807,67600014-1,67600014-2467,NAY,20170809.0,95743.0,航后完成生产指令更换左空调冲压空气后作动筒。, 
MU,1,4100008008,HQY,AOG,20170704,1000000575,RMB,B737NG,67600014-1,4586.21,4586.21,20170705,20170710.0,5.0,21-5X-11,145965384T00291300001,0,B1967,000000001001393911,67600014-1,67600014-583,000000001000849693,67600014-1,67600014-1916,PVG,20170706.0,91748.0,NRC-2017-B1967-0055左空调系统充压空气作动筒间歇性故障，右空调系统主次散热器性能下降(左空调系统冲压空气做动器间隙性故障；右空调系统主次散热器性能下降),17GW88238
MU,1,4100008007,HQY,AOG,20170704,1000000575,RMB,B737NG,67600014-1,31030.2,31030.2,20170705,20170816.0,42.0,21-5X-11,146006203T00295440001,0,B6108,000000001001395878,67600014-1,67600014-8847,000000001001106569,67600014-1,67600014-4753,PVG,20170714.0,131310.0,回顾时出现PACK灯亮，复位时熄灭,17GW88260
MU,1,4100007940,HQY,CRT,20170623,1000000141,RMB,B737NG,396498-2,1.0,1.0,20170626,20170921.0,87.0,21-5X-03,146076560T00328550001,0,B5827,000000001000204130,396498-2,3516,000000001001017218,396498-2,3794,SHA,20170729.0,72930.0,曾反映客舱温度高, 
MU,1,4100007949,HQY,AOG,20170624,1000000575,RMB,B737NG,396498-2,55422.52,55422.52,20170628,20170816.0,49.0,21-5X-03,146154179T00648020001,0,B2577,000000001000449621,396498-2,1515,000000001001387836,396498-2,1307,PVG,20170815.0,93417.0,生产指令：借件归还FCSOV, 
MU,1,4100008108,HQY,NOR,20170723,1000000141,RMB,B737NG,67600014-1,1.0,1.0,20170724,20171108.0,107.0,21-5X-11,146170571T17685620001,0,B1907,000000001000796627,67600014-1,67600014-1128,000000001000812253,67600014-1,67600014-1291,KMG,20170819.0,133054.0,右侧冲压门蓝灯全程亮,17KW61179
MU,1,4100007974,HQY,AOG,20170627,1000000155,RMB,B737NG,67600014-1,36656.4,36656.4,20170628,20170815.0,48.0,21-5X-11,146039496T08186770001,0,B1910,000000001001052106,67600014-1,67600014-4407,000000001000735152,67600014-1,67600014-360,CAN,20170721.0,93430.0,按基地要求更换右侧冲压作动筒,17MW65028
MU,1,4100008181,HQY,CRT,20170807,1000000155,RMB,B737NG,WL501RC1,3890.46,3890.46,20170808,20171103.0,87.0,21-3x-07-A,146230618T12478670001,0,B1933,000000001001188526,WL501RC1,AA0652,000000001000837513,WL501RC1,AW871/0314,TYN,20170831.0,82859.0,机组反映巡航时升降速度表波动大,17YW63068
MU,1,4100008235,HQY,AOG,20170817,1000000575,RMB,B737NG,7123-19973-03AC,21166.59,21166.59,20170817,20170901.0,15.0,21-3X-01,,1,,,,,,,,,,,,
MU,1,4100008139,HQY,CRT,20170729,1000000575,RMB,B737NG,396608-1,46881.01,46881.01,20170731,20170828.0,28.0,21-5X-03,146196885T00259580001,0,B5833,000000001000234428,396608-1,3386,000000001000744803,396608-1,6890,SHA,20170824.0,70915.0,右发N1指令不一致,5100031820
MU,1,4100008148,HQY,AOG,20170730,1000000141,RMB,B737NG,396608-1,1.0,1.0,20170731,20170914.0,45.0,21-5X-03,146243902T00306260001,0,B5550,000000001000241761,396608-1,4771,000000001000242680,396608-1,4846,SHA,20170903.0,62205.0,曾反应右空调空中关闭，后舱有点热,5100031883
MU,1,4100008195,HQY,AOG,20170810,1000000575,RMB,B737NG,67600014-1,19594.17,19594.17,20170811,20170905.0,25.0,21-5X-11,146160630T17594950001,0,B6148,000000001001151916,67600014-1,67600014-5044,000000001001023210,67600014-1,67600014-4039,KMG,20170816.0,110445.0,生产指令DDF-2017-B6148-0003-0001 空中右PACK灯亮RIGHT PACK LIGHT ON(空中右PACK灯亮RIGHT PACK LIGHT ON), 
MU,1,4100008160,HQY,AOG,20170802,1000000152,RMB,B737NG,396608-1,13934.3,13934.3,20170802,20170811.0,9.0,21-5X-03,146104041T00586790001,0,B5140,000000001001408027,396608-1,6273,000000001000221649,396608-1,2257,PVG,20170804.0,152351.0,维修生产指令NRC-2017-B5140-0046-001(曾反映左FCSOV空中关闭过，防止故障重现需要更换左FCSOV。),6100362944
MU,1,4100008533,HQY,AOG,20171016,1000000575,RMB,B737NG,WL501RC1,6090.19,6090.19,20171017,20171101.0,15.0,21-3x-07-A,146492547T17753110001,0,B1572,000000001001218371,WL501RC1,AA0718,000000001001459560,WL501RC1,AA0513,PVG,20171027.0,143453.0,生产指令B737NG-A027-201710-00012-0001，速率表借件拆还, 
MU,1,4100008461,HQY,AOG,20171001,1000000141,RMB,B737NG,541674-4,1.0,1.0,20171011,20171027.0,16.0,21-5X-11,146441961T00271300001,0,B5730,000000001000482529,541674-4,106-6739,000000001000449854,541674-4,10766,SHA,20171016.0,94238.0,NRC-2017-B5730-0048-001为判断故障与B5269交换冲压进气门作动器。(为判断故障，需与B5269交换冲压进气门作动器), 
MU,1,4100008799,HQY,AOG,20171211,1000000575,RMB,B737NG,67600014-1,11804.82,11804.82,20171212,20171227.0,15.0,21-5X-11,146758484T17505530001,0,B5815,000000001001115903,67600014-1,67600014-600,000000001001490111,67600014-1,67600014-7440,KMG,20171224.0,104022.0,生产指令：B737NG-A027-201712-00008-0001 借件拆换，归还利顿, 
MU,1,1600025444,HQY,AOG,20190329,1000000733,RMB,B737NG,21230-10BA,18258.07,18258.07,20190401,20190403.0,2.0,21-3x-03,,1,,,,,,,,,,,,
MU,1,1600049779,HQY,AOG,20190531,1000000141,RMB,B737NG,3290206-1,1928.66,1928.66,20190603,20190603.0,1.0,21-5X-36,,1,,,,,,,,,,,,
MU,1,1600043713,HQY,AOG,20190517,1000000012,RMB,B737NG,645242-1,24975.39,24975.39,20190518,20190716.0,59.0,21-2x-28,149534000T02094100001,0,B1791,000000001001738934,645242-1,2279,000000001001748074,645242-1,2329,KMG,20190609.0,101450.0,生产指令：DDF-2019-B1791-0002-0001卫星电话风扇故障(APU无法启动。APU FAILED。),1600053214
MU,1,1600071506,HQY,AOG,20190729,1000000012,RMB,B737NG,67600014-1,129936.43,129936.43,20190729,20191029.0,92.0,21-5X-11,149848511T00437610001,0,B1448,000000001001492608,67600014-1,67600014-8919,000000001001390787,67600014-1,67600014-8333,SHA,20190803.0,100046.0,生产指令：DDF-2019-B1448-0007-0001(右组件冲压排气作动器故障  BREAKDOWN OF PUNCHING EXHAUST ACTUATOR FOR RIGHT COMPONEN), 
MU,1,1600083051,HQY,CRT,20190830,1000000141,RMB,B737NG,67600014-1,28705.02,28705.02,20190902,20191014.0,42.0,21-5X-11,150244446T10913510001,0,B1535,000000001001387271,67600014-1,67600014-893,000000001001776363,67600014-1,67600014-1025,WUH,20191012.0,84248.0,B737NG-A027-201910-00001-0001, 
MU,1,4100009789,HQY,AOG,20180608,1000000155,RMB,B737NG,396608-1,11517.77,11517.77,20180610,20180612.0,2.0,21-5X-03,,1,,,,,,,,,,,,
MU,1,4100009958,HQY,AOG,20180706,1000000155,RMB,B737NG,67600014-1,21931.2,21931.2,20180710,20180727.0,17.0,21-5X-11,147826091T12919010001,0,B5858,000000001000957941,67600014-1,67600014-2959,000000001001574746,67600014-1,67600014-533,TYN,20180723.0,132944.0,按MCC口头指令更换右冲压门进气作动筒 借件归还, 
MU,1,4100010002,HQY,CRT,20180713,1000000575,RMB,B737NG,65-52810-64,3342.78,3342.78,20180716,20180717.0,1.0,21-5X-02,,1,,,,,,,,,,,,
MU,1,4100010008,HQY,CRT,20180714,1000000155,RMB,B737NG,645242-1,30241.88,30241.88,20180714,20180921.0,69.0,21-2x-28,148114700T00942970001,0,B6141,000000001001579605,645242-1,2371,000000001001579602,645242-1,19-523,KMG,20180919.0,133644.0,生产指令；B737NG-AO27-201809-00013借件拆装归还丰荣, 
MU,1,4100010126,HQY,NOR,20180804,1000000155,RMB,B737NG,3290206-1,24237.42,24237.42,20180806,20181112.0,98.0,21-5X-36,148132953T18006080001,0,B5547,000000001000530360,3290206-1,5766,000000001001586803,3290206-1,2549,NAY,20180922.0,53647.0,依据生产指令B737NG-A027-201808-00013-0001完成借件拆换 归还丰荣工作, 
MU,1,4100010331,HQY,AOG,20180917,1000000141,RMB,B737NG,67600014-1,1.0,1.0,20180918,20181108.0,51.0,21-5X-11,148128880T00507000001,0,B5831,000000001001594672,67600014-1,67600014-10501,000000001000751723,67600014-1,67600014-549,SHA,20180921.0,100139.0,曾反映左空调关断, 
MU,1,4100010333,HQY,AOG,20180917,1000000575,RMB,B737NG,67600014-1,17879.38,17879.38,20181010,20181010.0,1.0,21-5X-11,,1,,,,,,,,,,,,
MU,1,1600000909,HQY,AOG,20190108,1000000141,RMB,B737NG,20798-01,0.0,0.0,20190110,20190412.0,92.0,21-2x-27,149198969T10749980001,0,B7393,000000001000770426,20798-01,1373459,000000001001678048,20798-01,0647060,WUH,20190410.0,90251.0,B737NG-A027-201904-0002-0001, 
MU,1,4100003394,HQY,CRT,20140803,1000000155,RMB,B737NG,65-52810-57,1424.87,1424.87,20140804,20140804.0,1.0,21-5X-02,,1,,,,,,,,,,,,
MU,1,4100003484,HQY,CRT,20140824,1000000155,RMB,B737NG,398908-3,17485.58,17485.58,20140825,20140916.0,22.0,21-5X-35,MCC6043677T02980230001,0,B5701,000000001000223362,398908-3,8616,000000001000476189,398908-4,12675,KMG,20140902.0,3000.0,生产指令DDF-2014-5701-006R1-0001左组件温度控制活门失效, 
MU,1,4100003376,HQY,AOG,20140727,1000000106,RMB,B737NG,398908-3,7413.53,7413.53,20140729,20140806.0,8.0,21-5X-35,MCC5932022T13567650001,0,B5323,000000001000627175,398908-3,18082,000000001000842921,398908-3,12493,NAY,20140729.0,63452.0,航后完成维修生产指令单JJGH-20140728-0001  更换左侧空调配平活门 。, 
MU,1,4100003543,HQY,CRT,20140912,1000000155,RMB,B737NG,398908-4,36696.81,36696.81,20140912,20141027.0,45.0,21-5X-35,MCC6085700T04899980001,0,B5315,000000001000891521,398908-4,22690,000000001000226809,398908-3,9432,PVG,20140916.0,84945.0,右组件PACK灯亮，生产指令单DDF2014-5315-006-0001, 
MU,1,4100003464,HQY,AOG,20140818,1000000225,RMB,B737-300,398116-1-1,0.0,0.0,20140818,20141216.0,120.0,21-6X-22,MCC5989180T01190710001,0,B2969,000000001000873497,398116-1-1,4652,000000001000478488,398116-1-1,5384,WUH,20140818.0,144750.0,航后检查客舱温度不能调节, 
MU,1,4100003780,HQY,AOG,20141122,1000000225,RMB,B737NG,0123FA2,1.0,1.0,20141122,20141229.0,37.0,21-2x-29,MCC6382198T04924450001,0,B1900,000000001000228542,0123FA2,4817,000000001000791401,0123FA2,9918,PVG,20141225.0,85227.0,曾反映设备冷却排气风扇OFF灯亮, 
MU,1,4100003657,HQY,CRT,20141022,1000000141,RMB,B737-300,1019439-1-001,1.0,1.0,20141024,20141108.0,15.0,21-3X-01,MCC6241645T02060980001,0,B2988,000000001000754418,1019439-1-001,2013080018,000000001000915464,1019439-1-001,2013110034,WUH,20141106.0,103438.0,生产指令, 
MU,1,4100003795,HQY,AOG,20141127,1000000142,RMB,B737NG,398908-4,41497.43,41497.43,20141127,20150107.0,41.0,21-5X-35,MCC6336969T04342010001,0,B5795,000000001000823083,398908-4,20049,000000001000530333,398908-3,14479,KMG,20141209.0,90513.0,生产指令5795-KMCC-20141209-001-0001自检有左组件温度控制活门信息, 
MU,1,4100003624,HQY,AOG,20141011,1000000106,RMB,B737NG,67600014-1,1.0,1.0,20141011,20141103.0,23.0,21-5X-11,MCC6214007T00062630001,0,B1908,000000001000877531,67600014-1,67600014-505,000000001000908985,67600014-1,67600014-1979,KMG,20141028.0,91218.0,生产指令：借件拆换，归还第三方，JJCH100003624-0003。, 
MU,1,4100003729,HQY,CRT,20141109,1000000155,RMB,B737NG,1019439-1-001,40585.87,40585.87,20141113,20141121.0,8.0,21-3X-01,MCC6278783T14290410001,0,B5839,000000001000723323,1019439-1-001,2013050019,000000001000932186,1019439-1-001,2014090042,NAY,20141119.0,84959.0,依据指令JJGH-20141119-0001更换客舱增压控制面板组件。, 
MU,1,4100003803,HQY,AOG,20141202,1000000106,RMB,B737-300,1019439-1-001,1.0,1.0,20141202,20141216.0,14.0,21-3X-01,MCC6349213T02136740001,0,B2571,000000001000939595,1019439-1-001,2013090025,000000001000477785,7123-19973-02AC,98053146,WUH,20141214.0,144400.0,空调增压面板显示故障, 
MU,1,4100003735,HQY,AOG,20141111,1000000106,RMB,B737NG,398908-3,1397.82,1397.82,20141111,20141113.0,2.0,21-5X-35,MCC6255591T11280330001,0,B5857,000000001000214909,398908-3,5990,000000001000779924,398908-4,20542,SHA,20141111.0,24249.0,WO:NRC-2014-5857-032-0001, 
MU,1,4100003733,HQY,AOG,20141111,1000000106,RMB,B737NG,3290206-1,1254.43,1254.43,20141111,20141113.0,2.0,21-5X-36,,1,,,,,,,,,,,,
MU,1,4100003760,HQY,AOG,20141115,1000000155,RMB,B737NG,398908-3,1.0,1.0,20141115,20141128.0,13.0,21-5X-35,MCC6268330T24192980001,0,B1910,000000001000934102,398908-3,7183,000000001000776236,398908-4,20426,WUH,20141115.0,225300.0,再现牌区域温度灯亮, 
MU,1,4100003761,HQY,AOG,20141116,1000000106,RMB,B737NG,398908-3,1.0,1.0,20141118,20141229.0,41.0,21-5X-35,MCC6278458T04070720001,0,B5796,000000001000398874,398908-3,7690,000000001000935903,398908-4,20063,KMG,20141119.0,103647.0,生产指令DDF-2014-5796-008R1-0001配平空气调节活门失效在任何位置，驾驶舱配平调节活门失效, 
MU,1,4100003606,HQY,AOG,20140930,1000000106,RMB,B737NG,607518-2,1.0,1.0,20140930,20141118.0,49.0,21-5X-37,,1,,,,,,,,,,,,
MU,1,4100003842,HQY,CRT,20141218,1000000155,RMB,B737NG,51090160-1,46770.69,46770.69,20141218,20150114.0,27.0,21-6X-14,MCC6432322T14149650001,0,B5839,000000001000849691,51090160-1,51090160-00889,000000001000954702,51090160-1,51090160-00300,NAY,20150112.0,71314.0,生产指令单更换B-5839飞机区域温度控制器 JJGH-20150112-0001, 
MU,1,4100003848,HQY,CRT,20141219,1000000142,RMB,B737NG,1019439-1-001,91610.26,91610.26,20141219,20150114.0,26.0,21-3X-01,MCC6434809T14284980001,0,B1990,000000001000836104,1019439-1-001,2014030047,000000001000932186,1019439-1-001,2014090042,NAY,20150113.0,24145.0,航后完成生产指令JJGH-20150112-0002  更换B-1990飞机压力控制面板, 
MU,1,4100008958,HQY,NOR,20180105,1000000155,RMB,B737NG,67600014-1,45101.88,45101.88,20180108,20180301.0,52.0,21-5X-11,146948296T04560660001,0,B1965,000000001001179553,67600014-1,67600014-5666,000000001000861133,67600014-1,67600014-1872,WUH,20180119.0,111526.0,按压再现时左PACK 灯亮,18MW65617
MU,1,4100009103,HQY,AOG,20180201,1000000155,RMB,B737NG,67600014-1,45888.61,45888.61,20180202,20180330.0,56.0,21-5X-11,147164031T08397430001,0,B5689,000000001001106569,67600014-1,67600014-4753,000000001001490106,67600014-1,67600014-2418,WUH,20180312.0,101035.0,依据B737NG-A027-201801-00012-0001借件拆换，归还利顿, 
MU,1,4100009055,HQY,CRT,20180120,1000000155,RMB,B737NG,67600014-1,36136.4,36136.4,20180121,20180306.0,44.0,21-5X-11,147118931T09137110001,0,B6017,000000001001488487,67600014-1,67600014-8348,000000001001062275,67600014-1,67600014-3153,WUH,20180302.0,161824.0,前续航班冲压门故障代码, 
MU,1,4100009237,HQY,AOG,20180301,1000000155,RMB,B737NG,396498-2,55126.54,55126.54,20180305,20180423.0,49.0,21-5X-03,147168482T17408150001,0,B5210,000000001001522160,396498-2,3725,000000001000750887,396498-2,3763,NAY,20180312.0,170237.0,指令DDF-2018-B5210-0008-0001APU引起压力低(APU引气压力低 APU IS LOW IN GAS PRESSURE.), 
MU,1,4100009520,HQY,AOG,20180429,1000000575,RMB,B737NG,67600014-1,5664.41,5664.41,20180429,20180504.0,5.0,21-5X-11,147419094T17814250001,0,B1753,000000001000964901,67600014-1,67600014-3426,000000001001548825,67600014-1,67600014-6678,NAY,20180503.0,61511.0,指令完成B737NG-A027-201805-00002-0001完成借件拆换归还利顿, 
MU,1,4100002265,HQY,CRT,20130603,1000000155,RMB,B737NG,398908-3,1.0,1.0,20130603,20130605.0,2.0,21-5X-35,,1,,,,,,,,,,,,
MU,1,4100002389,HQY,CRT,20130717,1000000142,RMB,B737NG,0123FA2,8415.09,8415.09,20130717,20130726.0,9.0,21-2x-29,MCC4933110T13314450001,0,B5208,000000001000709687,0123FA2,2669,000000001000674208,0123FA2,2951,NAY,20130724.0,91039.0,依据生产指令JJGH-20130723-0003更换设备冷却低流量传感器。, 
MU,1,4100002527,HQY,AOG,20130901,1000000155,RMB,B737NG,3214972-1,78366.06,78366.06,20130901,20131023.0,52.0,21-6X-18,MCC5037705T13182860002,0,B5399,000000001000737718,3214972-1,1015,000000001000532988,3214972-1,2267,HET,20130901.0,94513.0,飞机高度7500米改平飞后，右翼机身过热灯亮。机组按检查单处置后，灯仍然亮。座舱温度上升，座舱施压，机组执行施压检查单，紧急下降检查单。,6100114284
MU,1,4100002488,HQY,CRT,20130816,1000000142,RMB,B737NG,398908-3,2465.09,2465.09,20130819,20140116.0,150.0,21-5X-35,MCC5066834T03074160001,0,B5185,000000001000227658,398908-3,9531,000000001000228515,398908-3,9439,SHA,20130913.0,104255.0,指令DDF-2013-5185-015-0001,6100116393
MU,1,4100002757,HQY,AOG,20131121,1000000106,RMB,B737NG,398908-3,1.0,1.0,20131121,20140103.0,43.0,21-5X-35,MCC5289703T10909190001,0,B5493,000000001000222508,398908-3,8750,000000001000398873,398908-3,7660,TYN,20131214.0,152702.0,维修生产指令单DDF-2013-5493-016右空调组件PACK灯亮,5100009717
MU,1,4100002758,HQY,AOG,20131121,1000000012,RMB,B737NG,21230-03AC,1.0,1.0,20131122,20140120.0,59.0,21-3x-03,MCC5235967T03553940001,0,B5330,000000001000786289,21230-03AC,06191543,000000001000227688,21230-03AC,07115055,PVG,20131122.0,95625.0,故障见T0355392-A，座舱上升率大，在1500英尺/分钟左右。,6100129196
MU,1,4100002734,HQY,CRT,20131112,1000000225,RMB,B737NG,396608-1,0.0,0.0,20131112,20131224.0,42.0,21-5X-03,MCC5269397T00527700001,0,B5530,000000001000216566,396608-1,1335,000000001000772326,396608-1,1580,WUH,20131205.0,222400.0,完成维修生产指令工作内容, 
MU,1,4100002798,HQY,CRT,20131206,1000000225,RMB,B737NG,541674-4,1.0,1.0,20131206,20140320.0,104.0,21-5X-11,MCC5269214T90147830001,0,B5199,000000001000786742,541674-4,45-6463,000000001000484098,541674-4,13072,WUH,20131206.0,150636.0,R PACK组件按压再现牌PACK亮.,6100129240
MU,1,4100002746,HQY,NOR,20131117,1000000155,RMB,B737NG,398908-3,1.0,1.0,20131121,20131205.0,14.0,21-5X-35,MCC5233208T01644740001,0,B1908,000000001000776172,398908-3,9546,000000001000770470,398908-4,20296,KMG,20131122.0,100418.0,驾驶舱区域温度灯亮。,5100009509
MU,1,4100002788,HQY,AOG,20131204,1000000012,RMB,B737NG,7123-19973-03AC,1.0,1.0,20140106,20140409.0,93.0,21-3X-01,MCC5531978T04168070001,0,B5145,000000001000401506,7123-19973-03AC,2009050021,000000001000294993,7123-19973-03AC,05119086,PVG,20140317.0,91002.0,显示故障,6100145332
MU,1,4100002999,HQY,CRT,20140310,1000000155,RMB,B737NG,398908-4,5619.41,5619.41,20140310,20140312.0,2.0,21-5X-35,,1,,,,,,,,,,,,
MU,1,4100002913,HQY,CRT,20140122,1000000106,RMB,B737NG,4063-19972-01AA,1.0,1.0,20140122,20140225.0,34.0,21-3x-03,MCC5390845T13444540001,0,B2685,000000001000799092,4063-19972-01AA,9719711,000000001000409264,4063-19972-01AB,0219767,SJW,20140123.0,92513.0,DDF-2014-2685-002-0001  外流活门位置指示摆动, 
MU,1,4100003014,HQY,CRT,20140319,1000000141,RMB,B737NG,398908-4,0.0,0.0,20140320,20140408.0,19.0,21-5X-35,MCC5575108T02821890001,0,B5796,000000001000770470,398908-4,20296,000000001000823083,398908-4,20049,KMG,20140401.0,150800.0,机组反映空调左组件跳开,5100011204
MU,1,4100003135,HQY,CRT,20140514,1000000155,RMB,B737NG,51090160-1,127709.42,127709.42,20140515,20140630.0,46.0,21-6X-14,MCC5817571T13360860001,0,B5839,000000001000761347,51090160-1,51090160-00326,000000001000834049,51090160-1,51090160-00415,NAY,20140623.0,85109.0,航后完成生产指令JJGH-20140623-0001  更换温度控制组件 。, 
MU,1,4100003073,HQY,CRT,20140415,1000000012,RMB,B737NG,541674-4,1.0,1.0,20140418,20140423.0,5.0,21-5X-11,MCC5622492T00507240001,0,B5530,000000001000826271,541674-4,9750,000000001000381807,541674-4,14328,PEK,20140418.0,145350.0,航后检查Pack灯亮, 
MU,1,4100003151,HQY,AOG,20140523,1000000142,RMB,B737NG,3290206-1,25751.89,25751.89,20140523,20140619.0,27.0,21-5X-36,9999-B9999-Z99910000420870001,0,B5547,000000001000530359,3290206-1,5714,000000001000839720,3290206-1,6124,NAY,20140613.0,161525.0,完成生产指令JJGH-20140613-0001更换B-5547 TCV (补记录), 
MU,1,4100003116,HQY,CRT,20140506,1000000155,RMB,B737NG,4063-19972-01AA,168426.01,168426.01,20140506,20140506.0,1.0,21-3x-03,,1,,,,,,,,,,,,
MU,1,4100003187,HQY,CRT,20140529,1000000155,RMB,B737NG,398908-3,48382.13,48382.13,20140529,20140801.0,64.0,21-5X-35,MCC5742781T13657570001,0,B5705,000000001000530335,398908-3,14490,000000001000627175,398908-3,18082,NAY,20140529.0,141200.0,左PACK灯亮,6100158675
MU,1,4100003327,HQY,AOG,20140714,1000000106,RMB,B737NG,398908-3,1.0,1.0,20140714,20140722.0,8.0,21-5X-35,MCC5882870T02102320001,0,B1908,000000001000856984,398908-3,11827,000000001000770472,398908-4,20313,KMG,20140714.0,64941.0,撤销故障保留：2014-1908-003 组件温度控制活门（-800）备用组件温度控制活门工作正常（右空调TCV失效）, 
MU,1,4100005945,HQY,NOR,20160524,1000000152,RMB,B737NG,398908-5,19129.68,19129.68,20160524,20160627.0,34.0,21-5X-35,144306638T00100380001,0,B5549,000000001001213098,398908-5,26846,000000001000759592,398908-4,20004,SHA,20160531.0,100533.0,左PACK灯亮,5100023492
MU,1,4100006070,HQY,AOG,20160616,1000000142,RMB,B737NG,396498-2,8641.8,8641.8,20160620,20160623.0,3.0,21-5X-03,144376589T15697180001,0,B2681,000000001000452798,396498-2,1511,000000001001235151,396498-2,1469,NAY,20160621.0,120023.0,完成生产指令B737NG-A027-201606-00024-0001	借件拆换，归还艾威胜, 
MU,1,4100006102,HQY,AOG,20160621,1000000141,RMB,B737NG,398908-5,1.0,1.0,20160621,20160706.0,15.0,21-5X-35,144396360T06101980001,0,B5731,000000001000925777,398908-5,22856,000000001000815319,398908-4,21191,CAN,20160626.0,103405.0,航后完成生产指令NRC-2016-B5731-0142-001更换左侧TCV,5100024051
MU,1,4100005931,HQY,AOG,20160522,1000000141,RMB,B737NG,398908-5,1.0,1.0,20160526,20160708.0,43.0,21-5X-35,144310193T12015170001,0,B1772,000000001001216011,398908-5,26714,000000001000981428,398908-4,23204,TYN,20160601.0,85628.0,客舱温度无法调节,5100023509
MU,1,4100006410,HQY,AOG,20160809,1000000155,RMB,B737NG,1150002-1,1108.61,1108.61,20160810,20160815.0,5.0,21-5X-13,144552303T06146070001,0,B5780,000000001001262205,1150002-1,1150002-09995,000000001000754409,1150002-1,1150002-08951,WUH,20160810.0,91927.0,执行工卡, 
MU,1,4100006223,HQY,AOG,20160714,1000000142,RMB,B737NG,2340400-1,13324.56,13324.56,20160715,20160720.0,5.0,21-5X-18,,1,,,,,,,,,,,,
MU,1,4100006684,HQY,AOG,20161008,1000000141,RMB,B737NG,67600014-1,1.0,1.0,20161010,20161111.0,32.0,21-5X-11,144956013T12189680001,0,B1773,000000001001113683,67600014-1,67600014-4817,000000001001045009,67600014-1,67600014-4150,WNZ,20161031.0,155602.0,pack 灯启动，起飞 巡航都亮,16GW88097
MU,1,4100006476,HQY,AOG,20160820,1000000142,RMB,B737NG,398908-5,3147.31,3147.31,20160822,20160822.0,1.0,21-5X-35,144683831T15660830001,0,B1990,000000001001221816,398908-5,26759,000000001000865750,398908-4,22069,ZBN,20160822.0,134437.0,"完成生产指令DDF-2016-B1990-0008-0001后客舱区域温度灯亮，配平空气调节活门失效(后客舱区域温度灯亮，配平空气调节活门失效THE LIGHT, THE TEMPERATURE AT THE CABIN AREA BALANCING)",5100025307
MU,1,4100006718,HQY,AOG,20161016,1000000575,RMB,B737NG,1019439-1-001,20481.06,20481.06,20161017,20161031.0,14.0,21-3X-01,144905380T00707760001,0,B7397,000000001001287673,1019439-1-001,2014050023,000000001000953130,1019439-1-001,2014100031,SHA,20161018.0,34447.0,曾反映增压面板着路高度无指示,16GW77929
MU,1,4100006751,HQY,NOR,20161021,1000000575,RMB,B737NG,65-52810-59,3300.48,3300.48,20161024,20161025.0,1.0,21-5X-02,,1,,,,,,,,,,,,
MU,1,4100007147,HQY,AOG,20161229,1000000155,RMB,B737-300,51090160-1,13338.54,13338.54,20161230,20170109.0,10.0,21-6X-14,145214176T17034060001,0,B1523,000000001001151915,51090160-1,51090160-02427,000000001001318748,51090160-1,51090160-00192,NAY,20170108.0,101623.0,依据B737NG-A027-201701-00007-0001	完成借件拆换，归还丰荣, 
MU,1,4100007000,HQY,NOR,20161207,1000000142,RMB,B737NG,67600014-1,14487.39,14487.39,20161208,20161226.0,18.0,21-5X-11,145154648T07161040001,0,B1513,000000001000894399,67600014-1,67600014-2116,000000001001312667,67600014-1,67600014-744,WUH,20161223.0,82704.0,完成生产指令, 
MU,1,4100007148,HQY,AOG,20161230,1000000575,RMB,B737NG,123266-2-1,2531.22,2531.22,20170103,20170112.0,9.0,21-6X-03,145220770T16293480001,0,B5209,000000001000399491,123266-2-1,14396,000000001001319071,123266-2-1,15071,TYN,20170110.0,90558.0,B737NG-A027-201701-00005-0001借件拆换，归还利顿, 
MU,1,4100007016,HQY,CRT,20161210,1000000155,RMB,B737NG,67600014-1,28263.22,28263.22,20161212,20170118.0,37.0,21-5X-11,145250143T17035600001,0,B7561,000000001000770054,67600014-1,67600014-567,000000001001312916,67600014-1,67600014-909,NAY,20170117.0,102322.0,完成生产指令B737NG-A027-201701-00003-0001	借件拆换，归还丰荣, 
MU,1,4100007077,HQY,AOG,20161221,1000000141,RMB,B737-300,21230-03AC,1.0,1.0,20161223,20170210.0,49.0,21-3x-03,,1,,,,,,,,,,,,
MU,1,4100001886,HQY,CRT,20130113,1000000155,RMB,B737NG,541674-4,17496.89,17496.89,20130113,20130204.0,22.0,21-5X-11,MCC4474312T02655250001,0,B5368,000000001000211621,541674-4,9807,000000001000229393,541674-4,11207,TAO,20130116.0,72816.0,左空调组件灯亮,6100079955
MU,1,4100002002,HQY,CRT,20130225,1000000155,RMB,B737NG,541674-4,65515.04,65515.04,20130225,20130504.0,68.0,21-5X-11,MCC4601079T00786670001,0,B5245,000000001000463123,541674-4,11130,000000001000387160,541674-4,12929,KMG,20130309.0,91034.0,"航后检查发现右冲压们不在全开位,右冲压门蓝灯不亮",6100087077
MU,1,4100002113,HQY,CRT,20130406,1000000142,RMB,B737NG,541674-4,6401.89,6401.89,20130408,20130410.0,2.0,21-5X-11,MCC4675553T13041820001,0,B5033,000000001000537416,541674-4,13746,000000001000691457,541674-4,14166,NAY,20130409.0,82712.0,维修生产指令单JJGH-20130409。, 
MU,1,4100001974,HQY,CRT,20130209,1000000142,RMB,B737NG,0123FA2,18513.2,18513.2,20130209,20130305.0,24.0,21-2x-29,MCC4582770T10050630001,0,B5722,000000001000542848,0123FA2,4668,000000001000674208,0123FA2,2951,NAY,20130301.0,95029.0,-B：航后完成维修生产指令JJGH-20130301-0002  更换设备冷却低流量传感器, 
MU,1,4100001975,HQY,CRT,20130209,1000000142,RMB,B737NG,0123FA2,29452.83,29452.83,20130209,20130315.0,34.0,21-2x-29,MCC4534037T00148900001,0,B5722,000000001000674208,0123FA2,2951,000000001000650096,0123FA2,9043,NAY,20130209.0,84459.0,-C：航后完成生产指令SCXQ-20130209-00014更换设备冷却（供热）低流量传感器。, 
MU,1,4100004054,HQY,CRT,20150307,1000000106,RMB,B737NG,0123FA2,4060.93,4060.93,20150307,20150319.0,12.0,21-2x-29,MCC6615392T14511060001,0,B5209,000000001000398434,0123FA2,2792,000000001001001277,0123FA2,0209,SJW,20150318.0,91309.0,维修生产指令单：更换设备冷却低流量传感器, 
MU,1,4100004125,HQY,CRT,20150328,1000000142,RMB,B737NG,0123FA2,15186.32,15186.32,20150328,20150413.0,16.0,21-2x-29,MCC6681239T14551560001,0,B5209,000000001000791401,0123FA2,9918,000000001001009525,0123FA2,9264,NAY,20150410.0,65454.0,依据生产指令PPC-B737-1504-0008  更换5209飞机设备冷却供气低流量传感器, 
MU,1,4100004161,HQY,CRT,20150412,1000000106,RMB,B737NG,398908-3,1.0,1.0,20150413,,,21-5X-35,MCC6729178T04447370001,0,B5692,000000001000229390,398908-3,10613,000000001000669523,398908-4,18663,SHA,20150427.0,64332.0,空中回顾PACK灯亮，复位熄灭,15GW77532
MU,1,4100004398,HQY,AOG,20150623,1000000106,RMB,B737NG,398908-3,30867.29,30867.29,20150625,20150826.0,62.0,21-5X-35,140451060T04770170001,0,B2168,000000001000220804,398908-3,5710,000000001000214913,398908-3,8744,SHA,20150807.0,61319.0,维修生产指令：NRC-2015-2168-005-0001, 
MU,1,4100004278,HQY,CRT,20150522,1000000155,RMB,B737NG,51090160-1,1.0,1.0,20150522,20150529.0,7.0,21-6X-14,,1,,,,,,,,,,,,
MU,1,4100004322,HQY,AOG,20150605,1000000012,RMB,B737NG,67600014-1,39461.12,39461.12,20150608,20150703.0,25.0,21-5X-11,128892929T04449740001,0,B5833,000000001000995445,67600014-1,67600014-1508,000000001000824683,67600014-1,67600014-1137,SHA,20150613.0,25642.0,维修生产指令单：DDF-2015-B5833-0001-0001右PACK灯回顾后亮,15GW77553
MU,1,4100004404,HQY,AOG,20150625,1000000012,RMB,B737NG,398908-3,1.0,1.0,20150626,,,21-5X-35,140489186T05283720001,0,B5701,000000001000217424,398908-3,6181,000000001000756839,398908-4,18183,KMG,20150911.0,72719.0,生产指令B737NG-A035-201509-00072-0001后舱区域温度灯亮,5100019136
MU,1,4100004188,HQY,CRT,20150427,1000000155,RMB,B737NG,398908-4,1.0,1.0,20150427,20150612.0,46.0,21-5X-35,MCC6755348T04300450001,0,B1901,000000001000751715,398908-4,20082,000000001000770000,398908-4,20334,SHA,20150506.0,43652.0,航后发现右空调温控活门卡阻,5100016914
MU,1,4100004189,HQY,CRT,20150427,1000000155,RMB,B737NG,398908-4,11770.11,11770.11,20150427,20150512.0,15.0,21-5X-35,MCC6729647T14468870001,0,B1989,000000001001021048,398908-4,6502,000000001000836100,398908-4,21661,NAY,20150427.0,84322.0,完成生产指令 AWO(NY)-2015-1989-21-0001  更换左空调TCV,5100017851
MU,1,4100004190,HQY,CRT,20150427,1000000155,RMB,B737NG,3290206-1,1347.17,1347.17,20150427,20150429.0,2.0,21-5X-36,MCC6730549T03125530001,0,B5517,000000001000475197,3290206-1,2046,000000001000380797,3290206-1,5488,WUH,20150427.0,125618.0,客舱温度高,6100211668
MU,1,4100004415,HQY,AOG,20150629,1000000106,RMB,B737NG,67600014-1,38321.79,38321.79,20150630,20151126.0,149.0,21-5X-11,140484714T04805170001,0,B1720,000000001000928463,67600014-1,67600014-2728,000000001001044266,67600014-1,67600014-581,PVG,20150907.0,82601.0,生产指令NRC-2015-B1720-0004左空调组件空中故障灯亮，且无法清除, 
MU,1,4100004353,HQY,AOG,20150611,1000000106,RMB,B737NG,398908-4,757.85,757.85,20150612,20150612.0,1.0,21-5X-35,,1,,,,,,,,,,,,
MU,1,4100004205,HQY,CRT,20150430,1000000141,RMB,B737NG,398908-3,1.0,1.0,20150506,20150817.0,103.0,21-5X-35,MCC6801167T03086590001,0,B5517,000000001000380768,398908-3,13721,000000001001024167,398908-3,9909,WUH,20150522.0,101730.0,完成生产指令, 
MU,1,4100004365,HQY,CRT,20150614,1000000155,RMB,B737NG,398908-3,1.0,1.0,20150615,,,21-5X-35,MCC6990651T15013510001,0,B1751,000000001001046479,398908-3,4110,000000001000532969,398908-3,10705,NAY,20150816.0,84759.0,完成AWO(NY)-2015-1751-21-0003  左PACK灯亮排故,5100018638
MU,1,4100004311,HQY,AOG,20150602,1000000012,RMB,B737NG,398908-4,36663.1,36663.1,20150603,20150729.0,56.0,21-5X-35,140439403T04056270001,0,B5780,000000001000721796,398908-4,19762,000000001001037989,398908-4,20161,WUH,20150724.0,141548.0,完成工卡, 
MU,1,4100004456,HQY,AOG,20150707,1000000106,RMB,B737NG,398908-3,17475.03,17475.03,20150709,20150812.0,34.0,21-5X-35,140420458T04589500001,0,B5831,000000001001059601,398908-3,9219,000000001000220804,398908-3,5710,SHA,20150709.0,85429.0,NRC-2015-B5831-0003-001  右空调驾驶舱温度偏高, 
MU,1,4100004668,HQY,AOG,20150830,1000000106,RMB,B737NG,0123FA2,27500.25,27500.25,20150831,20151117.0,78.0,21-2x-29,MCC7069732T15426260002,0,B5262,000000001000398434,0123FA2,2792,000000001000411320,0123FA2,6524,NAY,20151018.0,94101.0,依据生产指令AWO(NY)-2015-5262-21-0001  设备冷却供气系统主备用位OFF灯亮,6100239719
MU,1,4100004679,HQY,AOG,20150831,1000000106,RMB,B737NG,67600014-1,54269.22,54269.22,20150901,20151119.0,79.0,21-5X-11,143194737T04896140001,0,B1720,000000001000909086,67600014-1,67600014-815,000000001000894399,67600014-1,67600014-2116,PVG,20151013.0,83423.0,生产指令DDF-2015-1720-0009R1-0001, 
MU,1,4100004582,HQY,AOG,20150812,1000000012,RMB,B737NG,398908-4,1141.41,1141.41,20150812,20150816.0,4.0,21-5X-35,MCC6984263T15008700001,0,B5470,000000001000836100,398908-4,21661,000000001001074316,398908-4,18273,SJW,20150813.0,84922.0,生产指令 JJGH-20150813-0001 TCV借件归还, 
MU,1,4100004480,HQY,AOG,20150715,1000000142,RMB,B737NG,3290206-1,39012.92,39012.92,20150728,20151009.0,73.0,21-5X-36,143158282T03073230001,0,B5589,000000001000875414,3290206-1,8809,000000001000930467,3290206-1,7959,WUH,20150929.0,145338.0,完成工卡B737NG-A027-201509-00010, 
MU,1,4100004433,HQY,AOG,20150703,1000000004,RMB,B737NG,398908-3,0.0,0.0,20150703,20150727.0,24.0,21-5X-35,140436903T05039680001,0,B5370,000000001000214090,398908-3,6640,000000001000241764,398908-3,14651,SHA,20150725.0,92350.0,左空调组件出口温度高, 
MU,1,4100004385,HQY,AOG,20150619,1000000106,RMB,B737NG,67600014-1,29801.12,29801.12,20150622,20150728.0,36.0,21-5X-11,128904518T04319230001,0,B1901,000000001001025796,67600014-1,67600014-423,000000001000894399,67600014-1,67600014-2116,SHA,20150624.0,145523.0,生产指令DDF-2015-B1901-0001-0001右组件灯亮,15GW77341
MU,1,4100004757,HQY,CRT,20150914,1000000155,RMB,B737NG,398908-4,29568.13,29568.13,20150914,20150914.0,1.0,21-5X-35,,1,,,,,,,,,,,,
MU,1,4100004684,HQY,AOG,20150901,1000000142,RMB,B737NG,51090160-1,152054.88,152054.88,20150907,20151121.0,75.0,21-6X-14,140489822T05897620001,0,B1791,000000001000746663,51090160-1,51090160-00161,000000001001052103,51090160-1,51090160-01891,KMG,20150912.0,95417.0,生产指令：DDF-2015-B1791-0001，组件温度控制系统排故,15KW77262
MU,1,4100004770,HQY,AOG,20150917,1000000155,RMB,B737NG,67600014-1,21258.93,21258.93,20150923,20151012.0,19.0,21-5X-11,143160181T01944900001,0,B5826,000000001000905712,67600014-1,67600014-867,000000001000992393,67600014-1,67600014-3612,SHA,20151001.0,80125.0,RAM DOOR FULL OPEN 全程亮,15GW77412
MU,1,4100004878,HQY,AOG,20151013,1000000155,RMB,B737NG,398908-5,34903.18,34903.18,20151014,20151216.0,63.0,21-5X-35,143225177T05108280001,0,B5691,000000001000969397,398908-5,21893,000000001000211619,398908-3,6648,SHA,20151024.0,33536.0,空中出现PACK, 
MU,1,4100005048,HQY,CRT,20151130,1000000155,RMB,B737NG,51090160-1,16600.0,16600.0,20151130,20151130.0,1.0,21-6X-14,,1,,,,,,,,,,,,
MU,1,4100005049,HQY,CRT,20151130,1000000155,RMB,B737NG,398908-3,33618.95,33618.95,20151130,20151130.0,1.0,21-5X-35,,1,,,,,,,,,,,,
MU,1,4100004998,HQY,AOG,20151117,1000000012,RMB,B737NG,7123-19973-03AB,36098.82,36098.82,20151125,20151209.0,14.0,21-3X-01,143285819T05344190001,0,B5396,000000001001121048,7123-19973-03AB,00061204,000000001000479114,7123-19973-03AB,99126428,CAN,20151125.0,95423.0,检查发现CPC面板故障, 
MU,1,4100004997,HQY,CRT,20151117,1000000106,RMB,B737NG,398908-5,72548.26,72548.26,20151117,20160506.0,171.0,21-5X-35,143288142T05474780001,0,B5132,000000001000797809,398908-5,17915,000000001000220808,398908-3,8087,SHA,20151118.0,85615.0,维修生产指令单DDF-2015-B5132-0007,6100243747
MU,1,4100004973,HQY,AOG,20151109,1000000106,RMB,B737NG,21230-03AC,26494.84,26494.84,20151110,20151116.0,6.0,21-3x-03,,1,,,,,,,,,,,,
MU,1,4100005358,HQY,AOG,20160123,1000000421,RMB,B737NG,398908-3,55221.79,55221.79,20160125,20160510.0,106.0,21-5X-35,143575938T06868770001,0,B1789,000000001000220805,398908-3,7775,000000001001024590,398908-4,23915,KMG,20160216.0,92032.0,生产指令B737NG-A035-201602-00050-0001，PZTC 2上有TCV信息。,5100021664
MU,1,4100005367,HQY,AOG,20160125,1000000152,RMB,B737NG,398908-5,22002.74,22002.74,20160125,20160305.0,40.0,21-5X-35,143512827T05904250001,0,B7170,000000001001159170,398908-5,25886,000000001001149708,398908-5,25611,KMG,20160125.0,90343.0,生产指令：B737NG-A035-201601-00184-0001，短停推出后左组件跳开，自检指向左主TCV故障,5100021264
MU,1,4100005418,HQY,AOG,20160204,1000000141,RMB,B737NG,398908-5,1.0,1.0,20160223,20160726.0,154.0,21-5X-35,144050378T06549000001,0,B1907,000000001001103890,398908-5,24917,000000001000847405,398908-4,20712,KMG,20160316.0,90335.0,生产指令：YNEO-2015-B737-21-626-R0-016388升级改装活门（TCV/TAV 从 P/N：398908-4 到 P/N：398908-5）,5100022191
MU,1,4100005336,HQY,AOG,20160120,1000000421,RMB,B737NG,398908-3,51642.69,51642.69,20160125,20160429.0,95.0,21-5X-35,144066569T15589580001,0,B1523,000000001000619043,398908-3,17597,000000001001015930,398908-4,23855,NAY,20160321.0,84626.0,依据生产指令DDF-2016-B1523-0001-0001完成后区域温度控制灯亮排故,5100022258
MU,1,4100005680,HQY,AOG,20160402,1000000421,RMB,B737NG,398908-3,28634.25,28634.25,20160405,20160527.0,52.0,21-5X-35,144179370T15090080001,0,B7562,000000001001200282,398908-3,14035,000000001001197147,398908-5,26548,ZBN,20160424.0,150141.0,"完成生产指令B737NG-A035-201604-00248-0001	""后舱区域温度灯亮排故",5100022843
MU,1,4100005684,HQY,AOG,20160403,1000000141,RMB,B737NG,398908-5,1.0,1.0,20160412,20160612.0,61.0,21-5X-35,144192325T06123300001,0,B5396,000000001001179181,398908-5,26084,000000001000875433,398908-4,22243,KMG,20160427.0,93633.0,NRC-2016-B5396-0008 空中右PACK灯亮,5100022913
MU,1,4100005623,HQY,AOG,20160320,1000000141,RMB,B737NG,398908-5,1.0,1.0,20160328,20160329.0,1.0,21-5X-35,144091147T06241610001,0,B1702,000000001000894389,398908-5,22233,000000001000894392,398908-4,22407,KMG,20160329.0,92038.0,生产指令：B737NG-A035-201603-00251-0001机组反映区域温度灯亮,5100022428
MU,1,4100005593,HQY,AOG,20160313,1000000106,RMB,B737NG,7123-19973-03AB,13323.12,13323.12,20160313,20160324.0,11.0,21-3X-01,,1,,,,,,,,,,,,
MU,1,4100005749,HQY,AOG,20160415,1000000141,RMB,B737NG,21230-03AC,1.0,1.0,20160416,20160620.0,65.0,21-3x-03,144157027T00099300001,0,B6146,000000001000481162,21230-03AC,09115126,000000001001101326,21230-10BA,15115246,KMG,20160417.0,133905.0,脱离后，AUTO FAIL 灯亮,16KW70110
MU,1,4100005760,HQY,AOG,20160417,1000000421,RMB,B737NG,398908-5,2151.86,2151.86,20160420,20160420.0,1.0,21-5X-35,144167091T00236350002,0,B5550,000000001000955958,398908-5,23099,000000001000241767,398908-3,14658,SHA,20160420.0,81314.0,空中PACK灯亮, 
MU,1,4100005829,HQY,CRT,20160501,1000000106,RMB,B737NG,398908-3,23776.15,23776.15,20160501,20160616.0,46.0,21-5X-35,144228000T00138150001,0,B1741,000000001000221654,398908-3,8403,000000001001006590,398908-4,23631,PVG,20160508.0,104743.0,生产指令DDF-2016-B1741-0003-0001和生产指令NPM-2016-B1741-0002U，更换TCV,5100023124
MU,1,4100005830,HQY,EXP,20160502,1000000106,RMB,B737NG,398908-3,1279.01,1279.01,20160502,20160504.0,2.0,21-5X-35,144206682T00184000001,0,B5833,000000001001201084,398908-3,4235, , , ,SHA,20160502.0,104412.0,串件恢复。, 
MU,1,4100005699,HQY,AOG,20160407,1000000106,RMB,B737NG,67600014-1,12807.88,12807.88,20160407,20160425.0,18.0,21-5X-11,144122955T06366700001,0,B6143,000000001001115903,67600014-1,67600014-600,000000001001076515,67600014-1,67600014-3213,KMG,20160407.0,92217.0,生产指令B737NG-A035-201604-00099-0001 右组件pack灯亮,16KW70101
MU,1,4100005703,HQY,AOG,20160407,1000000141,RMB,B737NG,398908-5,1.0,1.0,20160411,20160808.0,119.0,21-5X-35,144215213T00144020001,0,B1907,000000001000894392,398908-5,22407,000000001000404668,398908-3,7825,KMG,20160504.0,85557.0,生产指令DDF-2016-B1907-0005-0001 右侧TCV故障。R TCV FAULT.,16KR77604
MU,1,4100005715,HQY,AOG,20160410,1000000106,RMB,B737NG,398908-3,19174.46,19174.46,20160411,20160517.0,36.0,21-5X-35,144173513T15179330001,0,B1989,000000001001200283,398908-3,8758,000000001000836103,398908-4,21669,NAY,20160422.0,145704.0,"依据指令B737NG-A035-201604-00246-0001	""驾驶舱前舱区域温度灯亮排故100001422638。",5100022872
MU,1,4100005783,HQY,AOG,20160422,1000000106,RMB,B737NG,398908-3,31872.98,31872.98,20160427,20160621.0,55.0,21-5X-35,144198051T11980760001,0,B5087,000000001000225130,398908-3,11159,000000001001024590,398908-5,23915,TYN,20160429.0,215009.0,前期机组反映：后区温度调节反映滞后，预防性更换后区配平空气活门,5100022886
MU,1,4100005786,HQY,AOG,20160423,1000000106,RMB,B737NG,398908-3,20454.99,20454.99,20160427,20160530.0,33.0,21-5X-35,144218270T06118360001,0,B7375,000000001000230262,398908-3,11250,000000001001118015,398908-5,20227,WUH,20160505.0,91655.0,完成生产指令, 
MU,1,4100005739,HQY,NOR,20160414,1000000141,RMB,B737NG,398908-5,256.41,256.41,20160416,20160708.0,83.0,21-5X-35,144194038T15700080001,0,B5838,000000001000751713,398908-5,20035,000000001001159107,398908-3,4568,NAY,20160428.0,83424.0,完成生产指令B737NG-A027-201604-00017-0001	借件拆换归还, 
MU,1,4100005740,HQY,NOR,20160414,1000000141,RMB,B737NG,398908-5,1.0,1.0,20160416,20160704.0,79.0,21-5X-35,144201653T00119780001,0,B7591,000000001001113604,398908-5,22706,000000001001198520,398908-5,26492,KMG,20160430.0,85800.0,航前反映左组件PACK灯亮,5100022976
MU,1,4100000998,HQY,EXP,20120113,1000000210,RMB,B737-300,321942-1-1,0.0,0.0,20120113,20120227.0,45.0,21-5X-16,MCC3670457T02214500001,0,B2969,000000001000474554,321942-1-1,9377,000000001000502894,321942-1-1,8809,WUH,20120216.0,90838.0,完成生产指令2012-PPCWH-B733-21-018R0-0001, 
MU,1,4100001192,HQY,AOG,20120407,1000000155,RMB,B737NG,7121-19971-01AB,1.0,1.0,20120408,20120417.0,9.0,21-3x-02,MCC3810222T30096350001,0,B2988,000000001000474839,7121-19971-01AB,9911968,000000001000488344,7121-19971-01AC,9919477,WUH,20120415.0,85605.0,航前检查自动增压失效, 
MU,1,4100001222,HQY,CRT,20120424,1000000225,RMB,B737-300,4063-19972-01AB,1.0,1.0,20120424,20120828.0,126.0,21-3x-03,MCC3832686T30079580001,0,B2572,000000001000571103,4063-19972-01AB,0110543,000000001000478491,4063-19972-01AA,9710530,WUH,20120424.0,84043.0,自动增压故障灯亮,6100044040
MU,1,4100001241,HQY,CRT,20120428,1000000106,RMB,B737-300,607518-2,301.0,301.0,20120429,20121106.0,191.0,21-5X-37,MCC3940026T00854500001,0,B2955,000000001000441529,607518-2,097C-3816,000000001000451603,607518-2,070C-4335,KMG,20120605.0,83518.0,生产指令733-1362更换右冲压空气控制器。,6100050094
MU,1,4100001251,HQY,CRT,20120503,1000000106,RMB,B737-300,541674-4,1.0,1.0,20120503,20120717.0,75.0,21-5X-11,MCC3881230T30094040001,0,B5473,000000001000407659,541674-4,10701,000000001000486263,541674-4,13764,CTU,20120512.0,163012.0,再现时左组件灯亮.,5100003037
MU,1,4100001298,HQY,AOG,20120527,1000000225,RMB,B737NG,398908-3,1.0,1.0,20120527,20120611.0,15.0,21-5X-35,MCC3918189T30076370001,0,B5376,000000001000480161,398908-3,10806,000000001000578880,398908-3,6434,WUH,20120527.0,234000.0,还借件左空调TCV, 
MU,1,4100001627,HQY,CRT,20120914,1000000155,RMB,B737NG,162BL903,26897.88,26897.88,20120914,20130105.0,113.0,21-6X-07,MCC4191570T00171280001,0,B5470,000000001000398248,162BL903,02027338,000000001000528005,162BL903,09054952,NAY,20120915.0,85817.0,-A航前完成生产指令DDF-2012-5470-005-0001客舱温度指示器测试时发现指示器故障。,6100063790
MU,1,4100001845,HQY,AOG,20121227,1000000225,RMB,B737NG,398908-3,1.0,1.0,20121227,20130125.0,29.0,21-5X-35,MCC4445020T02389220001,0,B5320,000000001000476189,398908-3,12675,000000001000226809,398908-3,9432,SHA,20130103.0,72101.0,左PACK灯亮，重置消失。,6100077993
MU,1,4100003886,HQY,CRT,20150105,1000000225,RMB,B737NG,398908-3,0.0,0.0,20150105,20150122.0,17.0,21-5X-35,MCC6414142T00551400001,0,B1910,000000001000969713,398908-3,8132,000000001000663310,398908-4,18607,WUH,20150105.0,225100.0,执行生产指令DDF-2015-1910-001更换配平空气活门。,5100015175
MU,1,4100003887,HQY,AOG,20150105,1000000106,RMB,B737NG,67600014-1,1.0,1.0,20150105,20150109.0,4.0,21-5X-11,,1,,,,,,,,,,,,
MU,1,4100003934,HQY,CRT,20150123,1000000106,RMB,B737NG,398908-4,1141.41,1141.41,20150123,20150127.0,4.0,21-5X-35,MCC6463017T14018660001,0,B5665,000000001000976626,398908-4,18258,000000001000564493,398908-3,16959,SJW,20150123.0,83608.0,机组反映CONT CAB ZONE TEMP灯亮,6100195771
MU,1,1500003227,HQY,NOR,20210630,1000000575,RMB,B737NG,67600014-1,11537.58,11537.58,20210701,20210712.0,11.0,21-5X-11,153321423T00005930001,0,B6108,000000001001957586,67600014-1,67600014-4858,000000001001047777,67600014-1,67600014-4070,PVG,20210701.0,163104.0,指令DDF-2021-B6108-0019后续排故(右PACK灯亮THE RIGHT PACK LIGHT IS ON),1600284244
MU,1,1500003248,HQY,CRT,20210706,1000000141,RMB,B737NG,3290206-1,2000.0,2000.0,20210706,20210712.0,6.0,21-5X-36,153351653T00045280001,0,B5517,000000001001958424,3290206-1,7657,000000001000380796,3290206-1,5480,WUH,20210706.0,83026.0,左组件温度高, 
MU,1,1500003272,HQY,CRT,20210709,1000000012,RMB,B737NG,396608-1,48612.39,48612.39,20210709,20210729.0,20.0,21-5X-03,153375230T00274020001,0,B6017,000000001000482669,396608-1,3980,000000001001061396,396608-1,8662,WUH,20210709.0,93640.0,航后检查右组件（RIGHT PACK）灯亮, 
MU,1,1500003284,HQY,NOR,20210716,1349,USD,B737NG,645242-1,100.0,100.0,20211011,20220210.0,122.0,21-2x-28,153934695T00139790001,0,B1572,000000001001442255,645242-1,2902,000000001001846138,645242-1,2403,PKX,20211014.0,213304.0,完成维修生产指令DDF-2021-B1572-0017R1-0001海事卫星SDU冷却风扇不工作(海事卫星SDU冷却风扇不工作 INMARSAT SDU COOLING FAN NOT WORKING), 
MU,1,1500003510,HQY,NOR,20210914,1349,USD,B737NG,645242-1,100.0,100.0,20210926,20220210.0,137.0,21-2x-28,154060162T01073220001,0,B1310,000000001001852767,645242-1,2105,000000001001881924,645242-1,2488,PKX,20211102.0,194106.0,指令:NRC-2021-B1310-0064-001 类别三：海事卫星SDU冷却风扇不工作(类别三：海事卫星SDU冷却风扇不工作),1200133642
MU,1,1500003507,HQY,NOR,20210913,1000000012,RMB,B737NG,645242-1,10000.0,10000.0,20210913,20211022.0,39.0,21-2x-28,153757346T00387070001,0,B7862,000000001001842720,645242-1,3181,000000001001797595,645242-1,3176,PVG,20210916.0,85715.0,生产指令：DDF-2021-B7862-0038-0001(海事卫星SDU冷却风扇不工作 THE SAT SDU COOLING FAN DOES NOT OPERATE),1600306805
MU,1,4100000227,HQY,AOG,20110524,1000000155,RMB,B737NG,541674-4,3.0,3.0,20110525,20110913.0,111.0,21-5X-11,MCC3098305T00210450001,0,B2631,000000001000260177,541674-4,10756,000000001000198547,541674-4,11179,SHA,20110706.0,90835.0,右空调冲压进气门不能全开,5100000710
MU,1,4100000229,HQY,AOG,20110525,1000000106,RMB,B737-300,1150002-1,1.0,1.0,20110525,,,21-5X-13,151173801T00751900001,0,B5833,000000001000901232,1150002-1,1150002-10109,000000001000745029,1150002-1,1150002-09099,CAN,20200506.0,104201.0,"航前发动机起动后右PACK灯亮，自检有代码SRADA,RAM AIR SNSR 和INLET代码", 
MU,1,4100000740,HQY,CRT,20111011,100050,RMB,B737NG,541674-4,1.0,1.0,20111012,20140512.0,943.0,21-5X-11,MCC3372450T00520500001,0,B5269,000000001000260426,541674-4,11314,000000001000204968,541674-4,8514,SHA,20111016.0,93242.0,维修生产指令单DDF-2011-5269-019右侧冲压空气作动筒故障,6100021052
MU,1,4100000741,HQY,NOR,20111011,100050,RMB,B737NG,541674-4,1.0,1.0,20111012,20140512.0,943.0,21-5X-11,MCC3396339T00550700001,0,B5527,000000001000389991,541674-4,9788,000000001000237192,541674-4,14163,PVG,20111025.0,91038.0,维修生产指令DDF-2011-5527-015-0001, 
MU,1,4100000580,HQY,CRT,20110811,100050,RMB,B737NG,607518-2,1.0,1.0,20110811,20140514.0,1007.0,21-5X-37,MCC3199843T00647780001,0,B2631,000000001000372521,607518-2,108C-6297,000000001000265169,607518-2,607518-08519,SHA,20110812.0,131617.0,生产指令DDF-2011-2631-021R1-0001,5100001017
MU,1,1500002737,HQY,NOR,20210318,1000000031,RMB,B737NG,645242-1,5000.0,5000.0,20210319,20210625.0,98.0,21-2x-28,152806232T00900260001,0,B7591,000000001001848423,645242-1,2325,000000001001778210,645242-1,2075,KMG,20210402.0,152104.0,生产指令：NRC-2021-B7591-0009-001类别3：海事卫星SDU冷却风扇故障(类别3：海事卫星SDU冷却风扇故障),1600254413
MU,1,1500002754,HQY,NOR,20210322,1000000141,RMB,B737NG,51090160-1,3000.0,3000.0,20210322,20210407.0,16.0,21-6X-14,152817097T00874420001,0,B1788,000000001001101320,51090160-1,51090160-02119,000000001001922002,51090160-1,51090160-01881,KMG,20210403.0,94425.0,生产指令B737NG-A027-202103-00009-0001 借件拆换，归还南航, 
