"CSCOD","MENGE","EBELN","BSART","ADPRI","BEDAT","LIFNR","WAERS","ZZSTORT","MATNR","NETPR","NETWR"
MU,1,"7800000574",PON,NOR,"20151012","1000000004",RMB, ,"0123FA2",38701.58,38701.58
MU,1,"7800000574",PON,NOR,"20151012","1000000004",RMB, ,"0123FA2",197007.82,197007.82
MU,1,"7800000573",PON,EXP,"20151012","1000000004",RMB, ,"0123FA2",3029.78,3029.78
MU,1,"7800000573",PON,CRT,"20151012","1000000004",RMB, ,"0123FA2",3029.78,3029.78
MU,1,"7800000576",PON,CRT,"20151012","1000000004",RMB, ,"0123FA2",1367.52,1367.52
CA,1,"4010006846",POW,CRT,"20100225",CS00002,USD, ,"0123FA2",11809,11809
MU,1,"11J70047",POW,NOR,"20110120","0000001011",USD,B737NG,"0123FA2",12944,12944
MU,2,"11SG77074",POW,CRT,"20110714","0000001011",USD,B737NG,"0123FA2",12944,25888
CA,2,"4010014688",POW, ,"20111226",CS00002,USD, ,"0123FA2",13618,27236
CA,1,"4010014844",POW, ,"20120111",OS81205001,USD, ,"0123FA2",15533,15533
MU,1,"12GX78321",POW,NOR,"20120521","0000001012",USD,B737NG,"0123FA2",13618,13618
CA,2,"4010018519",POW,CRT,"20130115",CS00002,USD, ,"0123FA2",14449,28898
MU,2,"13SP95338",POW,EXP,"20130823","0000001011",USD,B737NG,"0123FA2",14449,28898
MU,2,"14GX73258",POW,CRT,"20140725","0000001636",USD,B737NG,"0123FA2",14000,28000
MU,1,"14GX73219",POW,AOG,"20140728","0000001403",USD,B737NG,"0123FA2",14845,14845
MU,1,"14GX73220",POW,CRT,"20140728","0000003325",USD,B737NG,"0123FA2",14700,14700
MU,2,"15KX77505",POW,EXP,"20150107","0000001403",USD,B737NG,"0123FA2",15513,31026
MU,2,"15GX73028",POW,CRT,"20150116","0000001403",USD,B737NG,"0123FA2",15513,31026
MU,1,"15GX78032",POW,EXP,"20150206","0000001403",USD,B737NG,"0123FA2",15513,15513
CA,1,"4010026685",POW,AOG,"20150227",OS81205001,USD, ,"0123FA2",17814,17814
MU,1,"16GX73066",POW,NOR,"20160217","0000001403",USD,B737NG,"0123FA2",15533,15533
MU,1,"16GX78359",POW,EXP,"20160520","0000001403",USD,B737NG,"0123FA2",15533,15533
MU,2,"16GX78921",POW,NOR,"20160919","0000001403",USD,B737NG,"0123FA2",15533,31066
MU,1,"17ZX95113",POW,NOR,"20170330","0000001403",USD,B737NG,"0123FA2",15533,15533
MU,1,"11GX78807",POW,NOR,"20111226","0000001404",USD,B737NG,"024116",1744,1744
MU,2,"12MX73045",POW,CRT,"20120202","0000001404",USD,B737NG,"024116",1885,3770
CA,2,"4010015724",POW, ,"20120413",CS00029,USD, ,"024116",1885,3770
MU,3,"12GX78559",POW,NOR,"20120903","0000001404",USD,B737NG,"024116",1885,5655
MU,2,"1600074712",POW,NOR,"20190806","0000001404",USD,B737NG,"024116",3493,6986
MU,1,"1600082903",POW,CRT,"20190830","0000001143",USD,B737NG,"024116",4366.25,4366.25
CA,1,"4010024853",POW,NOR,"20140917",OS73030001,USD, ,"1019439-1-001",64135.04,64135.04
CA,2,"4010026913",POW,EXP,"20150319",OS73030001,USD, ,"1019439-1-001",64629,129258
MU,1,"1100045920",PON,EXP,"20220805","6100001196",RMB,B737NG,"1019439-2-001",306000,306000
MU,1,"18GX78624",POW,CRT,"20180709","0000001325",USD,B737MAX,"1019439-2-001",76187.5,76187.5
CA,2,"4010005901",POW, ,"20091130",OS07217001,USD, ,"1150002-1",1939,3878
CA,3,"4010012881",POW, ,"20110713",OS07217001,USD, ,"1150002-1",2269,6807
MU,1,"11KG78015",POW,EXP,"20111228","0000001347",USD,B737NG,"1150002-1",2396,2396
CA,2,"4010016614",POW,NOR,"20120621",OS70210001,USD, ,"1150002-1",2396,4792
MU,1,"13SP95384",POW,EXP,"20131018","0000003131",USD,B737NG,"1150002-1",2444,2444
MU,1,"14GX78413",POW,CRT,"20141009","0000001347",USD,B737NG,"1150002-1",2542,2542
MU,1,"15SG73077",POW,CRT,"20150707","0000001347",USD,B737NG,"1150002-1",2638.34,2638.34
MU,1,"15GX78205",POW,CRT,"20150914","0000001347",USD,B737NG,"1150002-1",2638.34,2638.34
MU,3,"16GX78785",POW,CRT,"20160721","0000001347",USD,B737NG,"1150002-1",2778.67,8336.01
MU,1,"12KG78001",POW,EXP,"20120104","0000001347",USD,B737NG,"1150250-1",3017,3017
CA,4,"4010017190",POW,AOG,"20120824",OS70210001,USD, ,"1150250-1",3017,12068
MU,1,"13YX78052",POW,CRT,"20131127","0000001347",USD,B737NG,"1150250-1",3077.5,3077.5
MU,1,"14YX77156",POW,CRT,"20140617","0000001347",USD,B737NG,"1150250-1",3185,3185
MU,1,"17YX77423",POW,CRT,"20170705","0000001143",USD,B737NG,"1150250-1",4534,4534
MU,2,"17YX77460",POW,EXP,"20170823","0000001346",USD,B737NG,"1150250-1",3520.15,7040.3
MU,1,"17MX73300",POW,CRT,"20171114","0000001346",USD,B737NG,"1150250-1",3520.15,3520.15
MU,1,"18GX78036",POW,CRT,"20180117","0000001346",USD,B737NG,"1150250-1",3643.35,3643.35
MU,1,"18GX73311",POW,EXP,"20180627","0000001346",USD,B737NG,"1150250-1",3643.35,3643.35
MU,1,"18GX78778",POW,EXP,"20180820","0000001346",USD,B737NG,"1150250-1",3643.35,3643.35
MU,1,"1600021890",POW,NOR,"20190321","0000001346",USD,B737NG,"1150250-1",3781.8,3781.8
MU,3,"1600072005",POW,AOG,"20190729","0000001346",USD,B737NG,"1150250-1",3781.8,11345.4
MU,4,"1600072540",POW,CRT,"20190731","0000001346",USD,B737NG,"1150250-1",3781.8,15127.2
MU,2,"1600073037",POW,CRT,"20190801","0000001346",USD,B737NG,"1150250-1",3781.8,7563.6
MU,1,"1600073528",POW,CRT,"20190802","0000001346",USD,B737NG,"1150250-1",3781.8,3781.8
MU,1,"1600074713",POW,NOR,"20190806","0000001346",USD,B737NG,"1150250-1",3781.8,3781.8
MU,1,"1600105386",POW,EXP,"20191107","0000001346",USD,B737NG,"1150250-1",3781.8,3781.8
MU,1,"1600123798",POW,CRT,"20191226","0000001346",USD,B737NG,"1150250-1",3925.51,3925.51
MU,3,"1600201650",POW,CRT,"20201014","0000001346",USD,B737NG,"1150250-1",3925.51,11776.53
MU,1,"1600495585",POW,CRT,"20230526","0000001143",USD,B737NG,"1150250-1",6392,6392
MU,1,"1600495711",POW,EXP,"20230529","0000001614",USD,B737NG,"1150250-1",4331.27,4331.27
MU,3,"1600497439",POW,EXP,"20230602","0000001614",USD,B737NG,"1150250-1",4331.27,12993.81
CA,3,"4010013287",POW, ,"20110822",OS07217001,USD, ,"1153222-2",6848,20544
MU,1,"11KG77571",POW,NOR,"20111027","0000003131",USD,B737NG,"1153222-2",6848,6848
MU,2,"14SG79031",POW,NOR,"20140410","0000001347",USD,B777-300ER,"1153222-2",8065.97,16131.94
MU,1,"17GX78530",POW,CRT,"20170710","0000001346",USD,B737NG,"1153222-2",9875.98,9875.98
MU,1,"7800000543",PON,CRT,"20150928","1000000004",RMB, ,"123266-2-1",48717.95,48717.95
MU,1,"7800000576",PON,CRT,"20151012","1000000004",RMB, ,"123266-2-1",43685.85,43685.85
CA,1,"4010018860",POW,NOR,"20130225",OS70210001,USD, ,"123266-2-1",4972,4972
MU,1,"11KX73760",POW,EXP,"20111012","0000003131",USD,B737-300,"183010-4",20100,20100
MU,1,"7800000576",PON,CRT,"20151012","1000000004",RMB, ,"20798-01",1367.52,1367.52
MU,1,"7800000590",PON,CRT,"20151016","1000000004",RMB, ,"20798-01",13054.27,13054.27
CA,1,"4010003996",POW, ,"20090520",CS00042,USD, ,"21230-03AC",106506.36,106506.36
CA,1,"4010012296",POW, ,"20110525",CS00042,USD, ,"21230-03AC",115440.12,115440.12
CA,1,"4010020200",POW,NOR,"20130726",CS00042,USD, ,"21230-03AC",131976.32,131976.32
MU,1,"7800000416",PON, ,"20150731","0000001469",RMB, ,"21230-10BA",3352.26,3352.26
MU,1,"1600044126",POW,CRT,"20190517","0000001548",USD,B737NG,"21230-10BA",147511.02,147511.02
MU,1,"12GX73017",POW,CRT,"20120111","0000001143",USD,B737NG,"213A3420-7",16500,16500
MU,1,"12GX73608",POW,NOR,"20121010","0000001143",USD,B737NG,"213A3420-7",15000,15000
MU,1,"12ZX77241",POW,NOR,"20121011","0000001143",USD,B737NG,"213A3420-7",15000,15000
MU,1,"1600121071",POW,EXP,"20191219","0000001143",USD,B737NG,"213A3420-7",20007,20007
MU,1,"12ZX77241",POW,NOR,"20121011","0000001143",USD,B737NG,"213A3420-8",12000,12000
CA,1,"4010006810",POW, ,"20100221",CS00066,USD, ,"214C50-2",995.67,995.67
CA,2,"4010008644",POW, ,"20100709",CS00042,USD, ,"214C50-2",740,1480
MU,1,"11GX78004",POW,AOG,"20110613","0000001143",USD,B737NG,"214C50-2",962,962
MU,3,"12KX73500",POW,NOR,"20120718","0000001549",USD,B737-300,"214C50-2",800,2400
MU,4,"12GX73536",POW,EXP,"20120822","0000001143",USD,B737NG,"214C50-2",990,3960
MU,1,"12GX78847",POW,NOR,"20121224","0000001549",USD,B737NG,"214C50-2",800,800
MU,5,"17KX77335",POW,CRT,"20170406","0000001006",USD,B737NG,"214C50-2",1001.84,5009.2
MU,1,"1600052418",POW,CRT,"20190610","0000003325",USD,B737NG,"214C50-2",1060,1060
MU,1,"7800000214",PON,CRT,"20150629","1000000010",RMB, ,"21933-01AC",24478.63,24478.63
CA,1,"4010001173",POW, ,"20080312",CS00042,USD, ,"21933-01AC",40107.25,40107.25
CA,1,"4010001704",POW, ,"20080626",CS20133,USD, ,"21933-01AC",40107.25,40107.25
CA,1,"4010003996",POW, ,"20090520",CS00042,USD, ,"21933-01AC",42553.53,42553.53
CA,1,"4010003996",POW, ,"20090520",CS00042,USD, ,"21933-01AC",42553.53,42553.53
CA,1,"4010012297",POW, ,"20110525",CS00042,USD, ,"21933-01AC",46122.92,46122.92
MU,2,"11SG77114",POW,EXP,"20111104","0000001549",USD,B737NG,"21933-01AC",48876.63,97753.26
CA,2,"4010015808",POW, ,"20120420",CS00042,USD, ,"21933-01AC",50123.37,100246.74
CA,2,"4010020199",POW,NOR,"20130726",CS00042,USD, ,"21933-01AC",52729.79,105459.58
CA,1,"4010022938",POW,NOR,"20140414",CS00042,USD, ,"21933-01AD",54174.58,54174.58
CA,1,"4010024899",POW,NOR,"20140919",CS00042,USD, ,"21933-01AD",53606.1,53606.1
MU,1,"18GX79156",POW,CRT,"20181221","0000001548",USD,B737MAX,"21933-01AD",56559.24,56559.24
MU,1,"12KX78012",POW,CRT,"20120911","0000003135",USD,B737NG,"2214275-1",3526.5,3526.5
CA,1,"4010006406",POW, ,"20100113",OS70210001,USD, ,"2215240-1",49616.5,49616.5
CA,1,"4010009490",POW, ,"20100915",OS70210001,USD, ,"2215240-1",49616.5,49616.5
CA,1,"4010009865",POW,AOG,"20101029",OS70210001,USD, ,"2215240-1",49616.5,49616.5
CA,1,"4010014562",POW, ,"20111212",OS96774001,USD, ,"2215240-1",54426.5,54426.5
CA,1,"4010012252",POW, ,"20110524",OS70210001,USD, ,"2215280-1",44993.5,44993.5
MU,1,"11GG78510",POW,CRT,"20111031","0000003135",USD,B737NG,"2215280-1",46793,46793
MU,2,"12GX73613",POW,AOG,"20120912","0000003135",USD,B737NG,"2215280-1",46793,93586
CA,1,"4010017545",POW,CRT,"20120926",OS70210001,USD, ,"2215280-1",46793,46793
MU,1,"14GX78493",POW,EXP,"20141113","0000003135",USD,B737NG,"2215280-1",51613.5,51613.5
MU,1,"17GX78303",POW,NOR,"20170401","0000003135",USD,B737NG,"2215280-3",56383.42,56383.42
MU,2,"16GX78521",POW,NOR,"20160122","0000003135",USD,B737NG,"3202444-1",7863.91,15727.82
MU,1,"1100023958",POW,CRT,"20200921","0000008027",USD,B737NG,"3202444-1",8944.87,8944.87
MU,2,"1600201998",POW,CRT,"20201015","0000003131",USD,B737NG,"3202444-1",6709,13418
MU,2,"1600434318",POW,EXP,"20221205","0000001614",USD,B737NG,"3202444-1",10731.81,21463.62
MU,2,"1600436021",POW,EXP,"20221209","0000001614",USD,B737NG,"3202444-1",10731.81,21463.62
MU,4,"1600469790",POW,EXP,"20230320","0000001614",USD,B737NG,"3202444-1",12001.28,48005.12
MU,1,"12KX78012",POW,CRT,"20120911","0000003135",USD,B737NG,"3202446-1",7459,7459
CA,1,"4010012845",POW,CRT,"20110711",OS59364001,USD, ,"3214972-1",28479,28479
CA,1,"4010017533",POW,CRT,"20120925",OS70210001,USD, ,"3214972-1",29903,29903
MU,1,"1100011494",POW,NOR,"20190820","0000008027",USD,B737NG,"3214972-1",41181,41181
CA,1,"4010003758",POW, ,"20090424",OS59364001,USD, ,"3290206-1",17440,17440
CA,1,"4010011168",POW,AOG,"20110311",OS07217001,USD, ,"3290206-1",18726.5,18726.5
CA,1,"4010016889",POW,NOR,"20120723",OS70210001,USD, ,"3290206-1",20037.5,20037.5
CA,1,"4010017203",POW,NOR,"20120827",OS70210001,USD, ,"3290206-1",20037.5,20037.5
CA,1,"4010019902",POW,CRT,"20130620",OS70210001,USD, ,"3290206-1",20538.5,20538.5
MU,1,"1100011986",POW,EXP,"20190911","0000008027",USD,B737NG,"3290206-1",26224.55,26224.55
CA,1,"4010010684",POW, ,"20110119",OS59364001,USD, ,"396498-2",40509.5,40509.5
CA,1,"4010019028",POW,NOR,"20130315",CS00029,USD, ,"396498-2",18500,18500
MU,1,"17GX78575",POW,CRT,"20170731","0000008027",USD,B737NG,"396498-2",54029.57,54029.57
CA,1,"4010012253",POW, ,"20110524",OS70210001,USD, ,"396608-1",61699,61699
MU,1,"11KG78017",POW,EXP,"20111229","0000003135",USD,B737NG,"396608-1",66635,66635
CA,1,"4010017378",POW,NOR,"20120913",OS59364001,USD, ,"396608-1",64635.95,64635.95
MU,1,"12MG73564",POW,CRT,"20121207","0000003135",USD,B737NG,"396608-1",66635,66635
CA,1,"4010020579",POW,NOR,"20130820",OS70210001,USD, ,"396608-1",72965.5,72965.5
CA,1,"4010026752",POW,EXP,"20150305",OS70210001,USD, ,"396608-1",78335.73,78335.73
MU,1,"1600047700",POW,CRT,"20190527","0000008027",USD,B737NG,"396608-1",87135.24,87135.24
MU,1,"1600118225",POW,NOR,"20191211","0000003131",USD,B737NG,"396608-1",82778.48,82778.48
MU,1,"7800000546",PON,EXP,"20150928","1000000004",RMB, ,"398908-3",12746.97,12746.97
MU,1,"7800000592",PON,CRT,"20151021","1000000004",RMB, ,"398908-3",9914.53,9914.53
CA,2,"4010001579",POW, ,"20080516",OS70210001,USD, ,"398908-3",17603.5,35207
MU,1,"11J70077",POW,CRT,"20110131","0000003135",USD,B737NG,"398908-3",20468.5,20468.5
MU,1,"11KG78011",POW,EXP,"20111223","0000003135",USD,B737NG,"398908-3",20468.5,20468.5
CA,1,"4010016429",POW, ,"20120607",OS70210001,USD, ,"398908-3",21901.5,21901.5
MU,2,"12KX78012",POW,CRT,"20120911","0000003135",USD,B737NG,"398908-3",21901.5,43803
CA,2,"4010021760",POW,CRT,"20131223",OS70210001,USD, ,"398908-4",24015,48030
CA,1,"4010023410",POW,CRT,"20140522",OS70210001,USD, ,"398908-4",25035.5,25035.5
MU,1,"14MG73377",POW,CRT,"20140729","0000003131",USD,B737NG,"398908-4",25035.5,25035.5
MU,2,"14GX78309",POW,CRT,"20140731","0000003135",USD,B737NG,"398908-4",25035.5,50071
MU,2,"14GX78498",POW,CRT,"20141121","0000003131",USD,B737NG,"398908-4",25035.5,50071
CA,2,"4010027280",POW,CRT,"20150423",OS70210001,USD, ,"398908-4",25075.73,50151.46
MU,1,"15GX78186",POW,CRT,"20150611","0000003135",USD,B737NG,"398908-4",26395.5,26395.5
MU,2,"16GX73051",POW,AOG,"20160204","0000003135",USD,B737NG,"398908-5",29682,59364
MU,2,"16GX73065",POW,CRT,"20160217","0000003135",USD,B737NG,"398908-5",27735.3,55470.6
MU,2,"16GX73157",POW,CRT,"20160408","0000003135",USD,B737NG,"398908-5",27735.3,55470.6
MU,2,"16GX73162",POW,CRT,"20160411","0000003135",USD,B737NG,"398908-5",27735.3,55470.6
MU,2,"16GX73166",POW,CRT,"20160413","0000003135",USD,B737NG,"398908-5",27735.3,55470.6
MU,2,"16GX78246",POW,CRT,"20160418","0000003135",USD,B737NG,"398908-5",27735.3,55470.6
MU,2,"16KX77169",POW,AOG,"20160419","0000003135",USD,B737NG,"398908-5",27735.3,55470.6
MU,2,"16KX77216",POW,CRT,"20160509","0000003135",USD,B737NG,"398908-5",27735.3,55470.6
MU,2,"16GX73200",POW,CRT,"20160509","0000003135",USD,B737NG,"398908-5",27735.3,55470.6
MU,1,"16GX73201",POW,CRT,"20160509","0000003135",USD,B737NG,"398908-5",27735.3,27735.3
MU,2,"16KX77214",POW,CRT,"20160509","0000003135",USD,B737NG,"398908-5",27735.3,55470.6
MU,2,"16KX77215",POW,CRT,"20160509","0000003135",USD,B737NG,"398908-5",27735.3,55470.6
MU,2,"16KX77218",POW,CRT,"20160509","0000003135",USD,B737NG,"398908-5",27735.3,55470.6
MU,2,"16GX73199",POW,CRT,"20160509","0000003135",USD,B737NG,"398908-5",27735.3,55470.6
MU,2,"16KX77217",POW,CRT,"20160509","0000003135",USD,B737NG,"398908-5",27735.3,55470.6
MU,15,"16GX73324",POW,CRT,"20160613","0000003135",USD,B737NG,"398908-5",26348.54,395228.1
MU,1,"7800000128",PON,CRT,"20150618","1000000010",RMB, ,"4063-19972-01AA",101001.71,101001.71
MU,1,"7800000269",PON,CRT,"20150701","1000000150",RMB, ,"4101054",25613.45,25613.45
CA,1,"4010012278",POW, ,"20110525",OS99167001,USD, ,"4101054",20403.96,20403.96
CA,1,"4010019458",POW,NOR,"20130503",OS70210001,USD, ,"51090160-1",50101.5,50101.5
MU,1,"13GX78328",POW,CRT,"20130804","0000001347",USD,B737NG,"51090160-1",50101.5,50101.5
MU,1,"13SP95408",POW,NOR,"20131127","0000001347",USD,B737NG,"51090160-1",50101.5,50101.5
MU,1,"14MG73207",POW,CRT,"20140417","0000001347",USD,B737NG,"51090160-1",55237,55237
MU,1,"15GX73455",POW,NOR,"20150923","0000001347",USD,B737NG,"51090160-1",58238,58238
MU,1,"15GX73533",POW,NOR,"20151216","0000001347",USD,B737NG,"51090160-1",58238,58238
MU,2,"16GX73297",POW,NOR,"20160531","0000001347",USD,B737NG,"51090248-002",61377,122754
MU,2,"16KX77319",POW,AOG,"20160624","0000001347",USD,B737NG,"51090248-002",61377,122754
MU,2,"16GX78473",POW,CRT,"20160630","0000001347",USD,B737NG,"51090248-002",61377,122754
MU,2,"16GX73442",POW,CRT,"20160725","0000001347",USD,B737NG,"51090248-002",61377,122754
CA,2,"4010001579",POW, ,"20080516",OS70210001,USD, ,"541674-4",14029,28058
CA,1,"4010012387",POW, ,"20110601",CS00145,USD, ,"541674-4",5600,5600
MU,2,"11SG77124",POW,CRT,"20111116","0000003131",USD,B737NG,"541674-4",15523.5,31047
CA,1,"4010016430",POW, ,"20120607",OS70210001,USD, ,"541674-4",16397.5,16397.5
MU,1,"7800000213",PON,CRT,"20150629","1000000010",RMB, ,"548376-6",16142.73,16142.73
CA,2,"4020000286",PON, ,"20080703",CS20133,RMB, ,"572756-1",17008.87,34017.74
CA,5,"4020000743",PON, ,"20090203",CS20136,RMB, ,"572756-1",0,0
CA,2,"4010009165",POW, ,"20100813",OS70210001,USD, ,"572756-1",1933.5,3867
CA,1,"4010013519",POW, ,"20110916",OS70210001,USD, ,"572756-1",1991.5,1991.5
MU,1,"12KX73452",POW,NOR,"20120629","0000003135",USD,B737-300,"572756-1",2071,2071
MU,1,"12MX73570",POW,EXP,"20121211","0000003135",USD,B737NG,"572756-1",2071,2071
MU,2,"13KX77520",POW,EXP,"20130731","0000003135",USD,B737NG,"572756-1",2143.5,4287
MU,2,"13MX73259",POW,NOR,"20130806","0000003135",USD,B737NG,"572756-1",2143.5,4287
MU,1,"13YX77196",POW,EXP,"20130809","0000001042",USD,B737NG,"572756-1",2650,2650
MU,1,"13GX78358",POW,NOR,"20130826","0000003135",USD,B737NG,"572756-1",2143.5,2143.5
MU,2,"14GX78459",POW,EXP,"20141031","0000003135",USD,B737NG,"572756-1",2284.54,4569.08
MU,1,"15MX73156",POW,NOR,"20150612","0000003135",USD,B737NG,"572756-1",2364.5,2364.5
CA,2,"4010036115",POW,CRT,"20170811",CS40450,USD, ,"572756-1",2086,4172
MU,2,"17MX73282",POW,CRT,"20170927","0000001432",USD,B737NG,"572756-1",2086,4172
MU,2,"17GX73458",POW,CRT,"20171103","0000001432",USD,B737NG,"572756-1",2599.56,5199.12
MU,2,"17KX77832",POW,CRT,"20171106","0000001432",USD,B737NG,"572756-1",2086,4172
CA,16,"4010037561",POW,CRT,"20171214",OS70210001,USD, ,"572756-1",2599.56,41592.96
MU,4,"18KX77037",POW,CRT,"20180112","0000001432",USD,B737NG,"572756-1",2201,8804
MU,4,"18KX77062",POW,CRT,"20180124","0000001432",USD,B737NG,"572756-1",2201,8804
MU,2,"18GX78066",POW,CRT,"20180126","0000001432",USD,B737NG,"572756-1",2201,4402
MU,1,"18GX78198",POW,CRT,"20180228","0000001432",USD,B737NG,"572756-1",2201,2201
MU,2,"18YX77141",POW,EXP,"20180521","0000001143",USD,B737NG,"572756-1",385.51,771.02
MU,4,"18KX77499",POW,NOR,"20180628","0000001432",USD,B737NG,"572756-1",2201,8804
MU,2,"18GX73627",POW,EXP,"20180921","0000001432",USD,B737NG,"572756-1",2201,4402
MU,4,"18KX77763",POW,NOR,"20180925","0000001432",USD,B737NG,"572756-1",2201,8804
MU,2,"18MX73396",POW,CRT,"20181225","0000001432",USD,B737NG,"572756-1",2201,4402
MU,4,"1600027987",POW,EXP,"20190408","0000001432",USD,B737NG,"572756-1",2395,9580
MU,4,"1600031111",POW,CRT,"20190415","0000001432",USD,B737NG,"572756-1",2395,9580
MU,2,"1600031120",POW,EXP,"20190415","0000001432",USD,B737NG,"572756-1",2395,4790
MU,10,"1600053814",POW,CRT,"20190613","0000001432",USD,B737NG,"572756-1",2395,23950
MU,18,"1600057925",POW,CRT,"20190621","0000001432",USD,B737NG,"572756-1",2395,43110
MU,10,"1600081014",POW,CRT,"20190826","0000001432",USD,B737NG,"572756-1",2395,23950
MU,5,"1600089857",POW,EXP,"20190920","0000001432",USD,B737NG,"572756-1",2395,11975
MU,2,"12GX78023",POW,NOR,"20120112","0000003135",USD,B737NG,"572757-1",2030,4060
MU,1,"17KX77611",POW,CRT,"20170707","0000003135",USD,B737NG,"572757-1",2578.22,2578.22
CA,2,"4010036114",POW,CRT,"20170811",OS70210001,USD, ,"572757-1",2578.22,5156.44
MU,1,"17KX77745",POW,CRT,"20170906","0000008027",USD,B737NG,"572757-1",2578.22,2578.22
MU,2,"17MX73283",POW,CRT,"20170927","0000008027",USD,B737NG,"572757-1",2578.22,5156.44
MU,2,"17GX73456",POW,CRT,"20171102","0000008027",USD,B737NG,"572757-1",2578.22,5156.44
CA,16,"4010037561",POW,CRT,"20171214",OS70210001,USD, ,"572757-1",2578.22,41251.52
MU,2,"18KX77021",POW,CRT,"20180105","0000008027",USD,B737NG,"572757-1",2668.46,5336.92
MU,4,"18KX77063",POW,CRT,"20180124","0000008027",USD,B737NG,"572757-1",2668.46,10673.84
MU,2,"18GX78065",POW,CRT,"20180126","0000008027",USD,B737NG,"572757-1",2668.46,5336.92
MU,2,"18YX77143",POW,EXP,"20180521","0000008027",USD,B737NG,"572757-1",2668.46,5336.92
MU,2,"18GX78866",POW,EXP,"20180913","0000008027",USD,B737NG,"572757-1",2668.46,5336.92
MU,2,"18GX73622",POW,EXP,"20180920","0000008027",USD,B737NG,"572757-1",2668.46,5336.92
MU,1,"18GX73672",POW,EXP,"20181011","0000008027",USD,B737NG,"572757-1",2668.46,2668.46
MU,4,"18KX77826",POW,NOR,"20181018","0000008027",USD,B737NG,"572757-1",2668.46,10673.84
MU,4,"18KX77860",POW,NOR,"20181026","0000008027",USD,B737NG,"572757-1",2668.46,10673.84
MU,2,"18MX73356",POW,CRT,"20181113","0000008027",USD,B737NG,"572757-1",2668.46,5336.92
MU,2,"18GX79181",POW,EXP,"20181227","0000008027",USD,B737NG,"572757-1",2668.46,5336.92
MU,4,"1600027988",POW,EXP,"20190408","0000008027",USD,B737NG,"572757-1",2769.86,11079.44
MU,2,"1600031124",POW,EXP,"20190415","0000008027",USD,B737NG,"572757-1",2769.86,5539.72
MU,4,"1600032702",POW,CRT,"20190419","0000008027",USD,B737NG,"572757-1",2769.86,11079.44
MU,10,"1600053812",POW,CRT,"20190613","0000008027",USD,B737NG,"572757-1",2769.86,27698.6
MU,18,"1600057923",POW,CRT,"20190621","0000001640",USD,B737NG,"572757-1",2750,49500
MU,10,"1600084654",POW,CRT,"20190904","0000008027",USD,B737NG,"572757-1",2769.86,27698.6
MU,5,"1600086595",POW,CRT,"20190910","0000001640",USD,B737NG,"572757-1",2742,13710
MU,1,"7800000571",PON,CRT,"20151012","1000000004",RMB, ,"607518-2",25952.28,25952.28
MU,1,"7800000571",PON,CRT,"20151012","1000000004",RMB, ,"607518-2",3008.55,3008.55
MU,1,"11SG77094",POW,CRT,"20110809","0000003131",USD,B737NG,"607518-2",21772,21772
CA,1,"4010001963",POW, ,"20080819",OS81205001,USD, ,"617166-1",1415,1415
CA,2,"4010011390",POW, ,"20110329",OS96774001,USD, ,"617166-1",1622,3244
MU,2,"11KX73444",POW,EXP,"20110714","0000001347",USD,B737-300,"617166-1",1622,3244
MU,4,"12KX77420",POW,CRT,"20120604","0000001347",USD,B737NG,"617166-1",1803,7212
CA,3,"4010017095",POW,CRT,"20120813",OS70210001,USD, ,"617166-1",1803,5409
MU,2,"14GX78181",POW,EXP,"20140520","0000001347",USD,B737NG,"617166-1",1903.5,3807
MU,1,"14GX78333",POW,EXP,"20140818","0000003325",USD,B737NG,"617166-1",1575,1575
MU,1,"15GX78005",POW,EXP,"20150121","0000003325",USD,B737NG,"617166-1",1800,1800
MU,1,"15GX78327",POW,EXP,"20151125","0000001347",USD,B737NG,"617166-1",1970,1970
CA,2,"4010012387",POW, ,"20110601",CS00145,USD, ,"622814-5",63000,126000
CA,1,"4010015804",POW, ,"20120420",CS00006,USD, ,"622814-5",51045,51045
CA,1,"4010015874",POW, ,"20120424",CS00145,USD, ,"622814-5",52200,52200
CA,1,"4010020502",POW,NOR,"20130814",CS40429,USD, ,"622814-5",28500,28500
CA,2,"4020001076",PON, ,"20090417",CS201110,RMB, ,"622878-2",19792.5,39585
MU,1,"2100023808",PON,CRT,"20150423","1000000142",RMB,B737NG,"622878-2",39710.25,39710.25
MU,1,"11KX77619",POW,CRT,"20111109","0000001347",USD,B737NG,"622878-2",2209,2209
MU,1,"11KG78014",POW,EXP,"20111228","0000001347",USD,B737NG,"622878-2",2275,2275
MU,2,"12KX78013",POW,CRT,"20120911","0000001347",USD,B737NG,"622878-2",2275,4550
MU,1,"13YX77072",POW,EXP,"20130503","0000001347",USD,B737NG,"622878-2",2434.5,2434.5
MU,1,"13YX77176",POW,EXP,"20130724","0000001347",USD,B737NG,"622878-2",2434.5,2434.5
MU,1,"15GX78026",POW,EXP,"20150204","0000001347",USD,B737NG,"622878-2",2614.99,2614.99
MU,1,"15GX78163",POW,EXP,"20150714","0000001347",USD,B737NG,"622878-2",2614.99,2614.99
MU,2,"15GX78447",POW,EXP,"20151230","0000001347",USD,B737NG,"622878-2",2754.01,5508.02
MU,1,"16YX77096",POW,CRT,"20160309","0000001347",USD,B737NG,"622878-2",2754.01,2754.01
MU,2,"16YX77369",POW,NOR,"20160930","0000001347",USD,B737NG,"622878-2",2754.01,5508.02
MU,2,"17YX77476",POW,EXP,"20170823","0000001346",USD,B737NG,"622878-2",2875.19,5750.38
MU,2,"17GX78737",POW,CRT,"20171208","0000001346",USD,B737NG,"622878-2",2875.19,5750.38
MU,1,"18GX73508",POW,CRT,"20180816","0000001346",USD,B737NG,"622878-2",2975.82,2975.82
MU,1,"18KX77783",POW,NOR,"20180926","0000001346",USD,B737NG,"622878-2",2975.82,2975.82
MU,5,"1100009292",POW,CRT,"20190518","0000001143",USD,B737NG,"622878-2",3864,19320
MU,2,"16GX73362",POW,CRT,"20160624","0000003131",USD,B737NG,"63396754-1",79902.27,159804.54
CA,2,"4010036114",POW,CRT,"20170811",OS70210001,USD, ,"641121-1",2346.88,4693.76
CA,1,"4010016888",POW,NOR,"20120723",OS70210001,USD, ,"641172-1",1505,1505
MU,1,"13YX77198",POW,EXP,"20130809","0000001143",USD,B737NG,"641172-1",1869,1869
MU,1,"13GX78330",POW,CRT,"20130804","0000003135",USD,B737NG,"67600014-1",42812,42812
MU,3,"1600118226",POW,EXP,"20191211","0000003131",USD,B737NG,"67600014-1",40488.54,121465.62
MU,1,"1100036237",POW,AOG,"20210914","0000003586",USD,B777-200F,ES210-1632,100,100
MU,5,"1600047893",POW,CRT,"20190528","0000001346",USD,B737NG,"622878-2",3088.9,15444.5
MU,1,"1600047889",POW,CRT,"20190528","0000008027",USD,B737NG,"645242-1",23204.22,23204.22
MU,1,"1600067203",POW,CRT,"20190717","0000001346",USD,B737NG,"622878-2",3088.9,3088.9
MU,2,"1600069456",POW,CRT,"20190723","0000001346",USD,B737NG,"622878-2",3088.9,6177.8
MU,1,"1600072500",POW,CRT,"20190731","0000001346",USD,B737NG,"622878-2",3088.9,3088.9
MU,2,"1600105427",POW,CRT,"20191107","0000001346",USD,B737NG,"622878-2",3088.9,6177.8
MU,2,"1600119008",POW,NOR,"20191213","0000001346",USD,B737NG,"622878-2",3088.9,6177.8
MU,1,"1600183623",POW,EXP,"20200810","0000001346",USD,B737NG,"622878-2",3206.28,3206.28
MU,2,"1600187124",POW,CRT,"20200821","0000001346",USD,B737NG,"622878-2",3206.28,6412.56
MU,8,"1810004635",POW,EXP,"20230821","0000001614",USD,B737NG,"622878-2",3637.8,29102.4
MU,1,"2100051278",PON,NOR,"20180830","1000000101",RMB,B737NG,"624018-1",13808.27,13808.27
CA,2,"4010006667",POW, ,"20100204",OS70210001,USD, ,"624018-1",1289,2578
CA,3,"4010014391",POW, ,"20111128",OS07217001,USD, ,"624018-1",1400,4200
MU,3,"11GX78813",POW,CRT,"20111226","0000003131",USD,B737NG,"624018-1",1400,4200
MU,8,"12GX76266",POW,NOR,"20120331","0000001347",USD,B767-300,"624018-1",1479,11832
MU,1,"12GX78324",POW,NOR,"20120521","0000001347",USD,B737NG,"624018-1",1479,1479
MU,2,"12YX77296",POW,EXP,"20121205","0000003131",USD,B737NG,"624018-1",1479,2958
MU,1,"13GX78183",POW,NOR,"20130409","0000001347",USD,B737NG,"624018-1",1597.5,1597.5
CA,2,"4010024368",POW,NOR,"20140805",OS70210001,USD, ,"624018-1",1661.5,3323
MU,1,"15GX78174",POW,EXP,"20150526","0000001347",USD,B737NG,"624018-1",1724.47,1724.47
MU,1,"16YX77329",POW,NOR,"20160831","0000001347",USD,B737NG,"624018-1",1817.53,1817.53
MU,1,"16KX77484",POW,CRT,"20160930","0000001347",USD,B737NG,"624018-1",1817.53,1817.53
MU,2,"16YX77413",POW,EXP,"20161107","0000001113",USD,B737NG,"624018-1",3313,6626
MU,1,"17KX77829",POW,CRT,"20171101","0000001346",USD,B737NG,"624018-1",1859.55,1859.55
MU,1,"18GX78088",POW,CRT,"20180201","0000001346",USD,B737NG,"624018-1",1859.55,1859.55
MU,1,"18KX77146",POW,CRT,"20180228","0000001346",USD,B737NG,"624018-1",1859.55,1859.55
MU,2,"18GB70108",POW,EXP,"20180314","0000008027",USD,B737NG,"624018-1",1859.55,3719.1
MU,1,"18GX73228",POW,CRT,"20180531","0000001346",USD,B737NG,"624018-1",1859.55,1859.55
MU,2,"18GX78618",POW,EXP,"20180705","0000001346",USD,B737NG,"624018-1",1859.55,3719.1
MU,5,"18GX73384",POW,EXP,"20180716","0000001346",USD,B737NG,"624018-1",1859.55,9297.75
MU,2,"1600075539",POW,CRT,"20190808","0000001346",USD,B737NG,"624018-1",1924.64,3849.28
MU,2,"1600075496",POW,NOR,"20190808","0000001346",USD,B737NG,"624018-1",1924.64,3849.28
MU,4,"1600082279",POW,NOR,"20190829","0000001346",USD,B737NG,"624018-1",1924.64,7698.56
MU,3,"1600089852",POW,EXP,"20190920","0000001346",USD,B737NG,"624018-1",1924.64,5773.92
MU,2,"1600105348",POW,CRT,"20191107","0000001346",USD,B737NG,"624018-1",1924.64,3849.28
MU,1,"1600111424",POW,EXP,"20191125","0000001346",USD,B737NG,"624018-1",2001.62,2001.62
MU,1,"1810005362",POW,CRT,"20230829","0000001614",USD,B737NG,"624018-1",2543.53,2543.53
MU,2,"16GX73260",POW,NOR,"20160602","0000003131",USD,B737NG,"63396754-1",79902.27,159804.54
MU,2,"16GX73347",POW,NOR,"20160623","0000003135",USD,B737NG,"63396754-1",79902.27,159804.54
MU,1,"16GX73296",POW,CRT,"20160623","0000001143",USD,B737NG,"63396754-1",77683,77683
MU,2,"16GX73369",POW,AOG,"20160624","0000003131",USD,B737NG,"63396754-1",79902.27,159804.54
MU,1,"16GX73413",POW,CRT,"20160711","0000003131",USD,B737NG,"63396754-1",79902.27,79902.27
MU,2,"16GX73800",POW,NOR,"20170113","0000003135",USD,B737NG,"63396754-2",79902.26,159804.52
MU,1,"16GX73800",POW,NOR,"20170113","0000003135",USD,B737NG,"67200060-1",20795.5,20795.5
CA,4,"4010006022",POW, ,"20091210",OS72914001,USD, ,"641121-1",1646,6584
MU,1,"12GX78123",POW,NOR,"20120224","0000003135",USD,B737NG,"641121-1",1893,1893
MU,2,"13KX77419",POW,CRT,"20130627","0000003135",USD,B737NG,"641121-1",1959.5,3919
MU,6,"14GX76154",POW,AOG,"20140604","0000003135",USD,B767-300,"641121-1",2088.44,12530.64
MU,2,"14KX77302",POW,NOR,"20140606","0000003135",USD,B737NG,"641121-1",2088.44,4176.88
MU,1,"16GX78169",POW,EXP,"20160316","0000003135",USD,B737NG,"641121-1",2247.97,2247.97
MU,1,"1600050196",POW,EXP,"20190603","0000001143",USD,B737NG,"641121-1",2817.94,2817.94
CA,2,"4010044816",POW,NOR,"20190812",OS70210001,USD, ,"641121-1",2521.32,5042.64
MU,1,"1600083369",POW,NOR,"20190902","0000008027",USD,B737NG,"641121-1",2521.32,2521.32
CA,2,"4020000283",PON, ,"20080701",CS201110,RMB, ,"641172-1",13400,26800
MU,2,"12GX78702",POW,NOR,"20121205","0000003135",USD,B737NG,"641172-1",1505,3010
MU,1,"13GX78306",POW,NOR,"20130730","0000003135",USD,B737NG,"641172-1",1557.5,1557.5
MU,1,"14GB70003",POW,EXP,"20140117","0000003135",USD,B737NG,"641172-1",1659.98,1659.98
MU,1,"14MX73046",POW,CRT,"20140129","0000003135",USD,B737NG,"641172-1",1659.98,1659.98
MU,1,"14GX71127",POW,CRT,"20140312","0000003135",USD,B737NG,"641172-1",1659.98,1659.98
MU,2,"14SP95100",POW,AOG,"20140417","0000003131",USD,B737NG,"641172-1",1659.98,3319.96
MU,1,"14GX73431",POW,EXP,"20141202","0000003135",USD,B737NG,"641172-1",1659.98,1659.98
MU,1,"15YX77166",POW,NOR,"20150702","0000003135",USD,B737NG,"641172-1",1718.08,1718.08
MU,2,"15GX78209",POW,EXP,"20150715","0000003325",USD,B737NG,"641172-1",1650,3300
MU,1,"17YX77323",POW,EXP,"20170217","0000003135",USD,B737NG,"641172-1",1889.03,1889.03
MU,1,"18YX77014",POW,CRT,"20180112","0000008027",USD,B737NG,"641172-1",1955.15,1955.15
MU,1,"1600075635",POW,CRT,"20190808","0000008027",USD,B737NG,"641172-1",2029.44,2029.44
MU,2,"1600298372",POW,CRT,"20210820","0000001614",USD,B737NG,"641172-1",2180,4360
CA,1,"4010012024",POW, ,"20110513",OS58960001,USD, ,"645242-1",18597,18597
MU,1,"1600043763",POW,CRT,"20190517","0000008027",USD,B737NG,"645242-1",23204.22,23204.22
MU,1,"1600048775",POW,CRT,"20190530","0000003131",USD,B737NG,"645242-1",19000,19000
MU,2,"1600053933",POW,CRT,"20190613","0000008027",USD,B737NG,"645242-1",23204.22,46408.44
MU,2,"1100010148",POW,NOR,"20190619","0000008027",USD,B737NG,"645242-1",23204.22,46408.44
MU,2,"1100010149",POW,NOR,"20190619","0000008027",USD,B737NG,"645242-1",23204.22,46408.44
MU,1,"1100010310",POW,CRT,"20190625","0000004014",USD,B737NG,"645242-1",11000,11000
MU,1,"1100010310",POW,CRT,"20190625","0000004014",USD,B737NG,"645242-1",20000,20000
MU,2,"1600068868",POW,CRT,"20190722","0000008027",USD,B737NG,"645242-1",23204.22,46408.44
MU,2,"1600117732",POW,CRT,"20191210","0000003131",USD,B737NG,"645242-1",23204.22,46408.44
MU,2,"1600198472",POW,CRT,"20200930","0000008027",USD,B737NG,"645242-1",24085.98,48171.96
MU,2,"1600240462",POW,EXP,"20210218","0000008027",USD,B737NG,"645242-1",25410.52,50821.04
MU,2,"1600272680",POW,CRT,"20210531","0000008027",USD,B737NG,"645242-1",24139.99,48279.98
MU,2,"1600274340",POW,CRT,"20210603","0000008027",USD,B737NG,"645242-1",25410.52,50821.04
MU,1,"1600286552",POW,CRT,"20210713","0000001614",USD,B737NG,"645242-1",25200,25200
MU,2,"1600300321",POW,CRT,"20210827","0000008027",USD,B737NG,"645242-1",24139.99,48279.98
MU,2,"1600351274",POW,CRT,"20220221","0000008027",USD,B737NG,"645242-1",27204.87,54409.74
MU,1,"1600351584",POW,CRT,"20220222","0000008027",USD,B737NG,"645242-1",27204.87,27204.87
MU,1,"11KG78012",POW,EXP,"20111225","0000001132",USD,B737NG,"65-52810-64",24801,24801
MU,2,"16GX78786",POW,CRT,"20160721","0000001132",USD,B737NG,"65-52810-64",30750,61500
MU,1,"1600200683",POW,EXP,"20201012","0000008027",USD,B737NG,"67200060-1",23654,23654
MU,2,"1600237726",POW,EXP,"20210203","0000008027",USD,B737NG,"67200060-1",24481.89,48963.78
MU,2,"1600302124",POW,CRT,"20210903","0000001614",USD,B737NG,"67200060-1",24482,48964
MU,2,"1600355427",POW,CRT,"20220307","0000001614",USD,B737NG,"67200060-1",26859.08,53718.16
MU,1,"1600461747",POW,EXP,"20230227","0000001614",USD,B737NG,"67200060-1",30057.92,30057.92
MU,1,"1600475218",POW,EXP,"20230404","0000001614",USD,B737NG,"67200060-1",30057.92,30057.92
MU,1,"1600484189",POW,EXP,"20230425","0000001614",USD,B737NG,"67200060-1",30057.92,30057.92
MU,1,"7800000027",PON, ,"20150615","0000003135",RMB, ,"67600014-1",255103.29,255103.29
MU,1,"7800000074",PON, ,"20150617","0000001345",RMB, ,"67600014-1",579.14,579.14
MU,1,"7800000111",PON, ,"20150617","0000001345",RMB, ,"67600014-1",1879.04,1879.04
MU,1,"7800000065",PON, ,"20150617","0000001345",RMB, ,"67600014-1",579.14,579.14
MU,1,"7800000150",PON, ,"20150619","0000001345",RMB, ,"67600014-1",2321.59,2321.59
MU,2,"2100050102",PON,CRT,"20180713","1000000280",RMB,B737NG,"67600014-1",302847,605694
MU,1,"13GX78300",POW,AOG,"20130729","0000003135",USD,B737NG,"67600014-1",32950,32950
CA,1,"4010020778",POW,CRT,"20130905",OS70210001,USD, ,"67600014-1",32950,32950
MU,2,"13SP95409",POW,EXP,"20131127","0000003135",USD,B737NG,"67600014-1",32950,65900
MU,1,"14MG73364",POW,CRT,"20140724","0000003135",USD,B737NG,"67600014-1",33938.5,33938.5
CA,2,"4010024606",POW,CRT,"20140827",OS70210001,USD, ,"67600014-1",33938.5,67877
MU,1,"14MG73589",POW,CRT,"20141229","0000003135",USD,B737NG,"67600014-1",35540.5,35540.5
MU,1,"14GX73473",POW,CRT,"20141229","0000003135",USD,B737NG,"67600014-1",33938.5,33938.5
MU,2,"15GX73361",POW,CRT,"20150618","0000003135",USD,B737NG,"67600014-1",35540.5,71081
MU,1,"15GX73387",POW,CRT,"20150702","0000003135",USD,B737NG,"67600014-1",35540.5,35540.5
MU,2,"15GX73534",POW,CRT,"20151124","0000003135",USD,B737NG,"67600014-1",35540.5,71081
MU,1,"17GX78491",POW,CRT,"20170621","0000003135",USD,B737NG,"67600014-1",39104.07,39104.07
MU,1,"17GX73342",POW,CRT,"20170714","0000003135",USD,B737NG,"67600014-1",39104.07,39104.07
MU,2,"18GX78190",POW,CRT,"20180227","0000008027",USD,B737NG,"67600014-1",41059.27,82118.54
MU,2,"1600075185",POW,EXP,"20190807","0000001640",USD,B737NG,"67600014-1",42406,84812
MU,2,"1600075185",POW,EXP,"20190807","0000001640",USD,B737NG,"67600014-1",42406,84812
MU,1,"1600117757",POW,EXP,"20191210","0000003131",USD,B737NG,"67600014-1",40488.54,40488.54
MU,1,"18ZX95031",POW,NOR,"20180213","0000001636",USD,B737NG,"69-2914-15",4500,4500
MU,1,"18ZX95031",POW,NOR,"20180213","0000001636",USD,B737NG,"69-2914-25",1940,1940
MU,1,"13MX73261",POW,EXP,"20130806","0000001143",USD,B737NG,"69-2914-20",2773,2773
MU,4,"18GX73166",POW,EXP,"20180423","0000001143",USD,B737NG,"69-2914-20",2495,9980
MU,1,"17GX78600",POW,EXP,"20170808","0000001143",USD,B737NG,"69-2914-24",4655,4655
MU,1,"17GX78603",POW,EXP,"20170809","0000001143",USD,B737NG,"69-2914-24",4655,4655
MU,2,"17GB70154",POW,EXP,"20170822","0000001143",USD,B737NG,"69-2914-24",4655,9310
MU,4,"17GB70154",POW,EXP,"20170822","0000001143",USD,B737NG,"69-2914-25",2100,8400
MU,1,"18ZX95029",POW,EXP,"20180212","0000001143",USD,B737NG,"69-2914-24",4795,4795
MU,1,"1600041647",POW,CRT,"20190513","0000001143",USD,B737NG,"69-2914-24",4981,4981
MU,1,"7800000120",PON,CRT,"20150617","1000000063",RMB, ,"7121-19971-01AC",6410.25,6410.25
MU,1,"7800000006",PON,CRT,"20150611","1000000010",RMB, ,"7123-19973-02AC",51964.1,51964.1
MU,1,"11SG77136",POW,EXP,"20111206","0000001325",USD,B737NG,"720737-6",10498.45,10498.45
MU,1,"11SG77136",POW,EXP,"20111206","0000001325",USD,B737NG,"824392-2-003",54877.7,54877.7
MU,1,"11SG77136",POW,EXP,"20111206","0000001325",USD,B737NG,"824392-2-003",54877.7,54877.7
MU,1,"11SG77136",POW,EXP,"20111206","0000001325",USD,B737NG,"824392-2-003",54877.7,54877.7
MU,1,"11SG77136",POW,EXP,"20111206","0000001325",USD,B737NG,"824392-2-003",54877.7,54877.7
MU,1,"11SG77136",POW,EXP,"20111206","0000001325",USD,B737NG,"824392-2-003",54877.7,54877.7
CA,1,"4010009893",POW, ,"20101103",OS73030001,USD, ,"824392-2-003",57766,57766
CA,1,"4010012422",POW, ,"20110602",OS73030001,USD, ,"824392-2-003",55744.19,55744.19
CA,1,"4010016015",POW, ,"20120503",OS73030001,USD, ,"824392-2-003",58444.95,58444.95
MU,1,"13GX78365",POW,NOR,"20130826","0000001404",USD,B737NG,AW2835AB06,14366.8,14366.8
