id,pn,num,company_name,aog_status,create_time,PNR_ID
27,398908-5,1.0,九元航空有限公司,Done,2021-07-28 11:38:50,21-5X-35
27,398908-5,1.0,九元航空有限公司,Done,2021-07-28 11:38:50,21-6X-19
214,214C50-2,1.0,深圳航空有限责任公司,Confirm,2021-07-29 10:49:27,21-3x-09
362,645242-1,1.0,河北航空有限公司,Confirm,2021-07-30 08:52:59,21-2x-28
439,214C50-2,1.0,顺丰航空有限公司,Done,2021-07-30 15:28:39,21-3x-09
550,214C50-2,1.0,顺丰航空有限公司,Done,2021-07-31 18:55:41,21-3x-09
626,1019439-2-001,1.0,河北航空有限公司,Confirm,2021-08-01 18:46:56,21-3X-01
649,214C50-2,1.0,顺丰航空有限公司,Done,2021-08-01 19:49:27,21-3x-09
650,645405-2,1.0,瑞丽航空有限公司,Done,2021-08-01 19:50:28,21-2x-16
789,214C50-2,2.0,顺丰航空有限公司,Done,2021-08-02 17:05:24,21-3x-09
978,622814-5,2.0,顺丰航空有限公司,Confirm,2021-08-04 14:26:58,21-6X-14
1033,572756-1,1.0,浙江长龙航空有限公司,Done,2021-08-04 18:45:20,21-5X-28
1066,396608-1,1.0,河北航空有限公司,Confirm,2021-08-05 10:25:55,21-5X-03
1067,622814-5,1.0,河北航空有限公司,Confirm,2021-08-05 10:25:55,21-6X-14
1081,214C50-2,1.0,厦门航空有限公司,Confirm,2021-08-05 11:21:21,21-3x-09
1146,67600014-1,1.0,厦门航空有限公司,Confirm,2021-08-05 15:58:53,21-5X-11
1146,67600014-1,1.0,厦门航空有限公司,Confirm,2021-08-05 15:58:53,21-5X-40
1407,67600014-1,1.0,奥凯航空有限公司,Confirm,2021-08-07 21:39:09,21-5X-11
1407,67600014-1,1.0,奥凯航空有限公司,Confirm,2021-08-07 21:39:09,21-5X-40
1764,214C50-2,1.0,顺丰航空有限公司,Confirm,2021-08-10 17:31:25,21-3x-09
1775,398908-5,1.0,九元航空有限公司,Done,2021-08-10 22:01:23,21-5X-35
1775,398908-5,1.0,九元航空有限公司,Done,2021-08-10 22:01:23,21-6X-19
1776,3214972-1,1.0,九元航空有限公司,Confirm,2021-08-10 22:01:23,21-6X-18
1862,7123-19973-02AB,1.0,中国邮政航空有限责任公司,Confirm,2021-08-11 13:14:42,21-3X-01
2065,214C50-2,1.0,东海航空有限公司,Confirm,2021-08-12 17:51:42,21-3x-09
2325,214C50-2,3.0,昆明航空有限公司,Confirm,2021-08-15 02:56:41,21-3x-09
2401,69-2914-24,1.0,九元航空有限公司,Confirm,2021-08-15 21:58:42,21-2x-01-A
2405,396608-1,1.0,九元航空有限公司,Confirm,2021-08-15 23:22:13,21-5X-03
2484,1150250-1,1.0,九元航空有限公司,Done,2021-08-16 16:27:14,21-5X-31
2605,396608-1,1.0,河北航空有限公司,Confirm,2021-08-17 15:46:54,21-5X-03
2634,622878-2,2.0,九元航空有限公司,Done,2021-08-17 18:33:48,21-5X-34
2634,622878-2,2.0,九元航空有限公司,Done,2021-08-17 18:33:48,21-6X-13
2647,65-52810-57,1.0,中州航空有限责任公司,Confirm,2021-08-18 00:56:32,21-5X-02
2831,214C50-2,2.0,北京飞机维修工程有限公司,Confirm,2021-08-19 01:17:13,21-3x-09
2954,622878-2,3.0,九元航空有限公司,Done,2021-08-19 19:11:04,21-5X-34
2954,622878-2,3.0,九元航空有限公司,Done,2021-08-19 19:11:04,21-6X-13
2978,398908-5,1.0,九元航空有限公司,Done,2021-08-20 01:46:50,21-5X-35
2978,398908-5,1.0,九元航空有限公司,Done,2021-08-20 01:46:50,21-6X-19
3428,645242-1,1.0,北京飞机维修工程有限公司重庆分公司,Done,2021-08-24 11:12:32,21-2x-28
3743,541674-4,1.0,北京飞机维修工程有限公司重庆分公司,Confirm,2021-08-26 15:04:44,21-5X-11
3743,541674-4,1.0,北京飞机维修工程有限公司重庆分公司,Confirm,2021-08-26 15:04:44,21-5X-40
4216,214C50-2,1.0,北京航空有限责任公司,Confirm,2021-08-30 14:22:11,21-3x-09
4413,67600014-1,1.0,九元航空有限公司,Done,2021-08-31 22:46:34,21-5X-11
4413,67600014-1,1.0,九元航空有限公司,Done,2021-08-31 22:46:34,21-5X-40
4457,3202444-1,1.0,深圳航空有限责任公司,Done,2021-09-01 10:36:15,21-6X-17
4889,396608-1,1.0,中国邮政航空有限责任公司,Done,2021-09-03 20:18:42,21-5X-03
4918,607518-2,1.0,瑞丽航空有限公司,Done,2021-09-04 09:28:21,21-5X-37
4939,572756-1,1.0,顺丰航空有限公司,Done,2021-09-04 12:43:50,21-5X-28
4981,214C50-2,1.0,中国邮政航空有限责任公司,Done,2021-09-04 21:34:45,21-3x-09
5083,3290206-1,1.0,厦门航空有限公司,Confirm,2021-09-06 07:55:58,21-5X-36
5572,572757-1,1.0,中州航空有限责任公司,Confirm,2021-09-08 20:49:15,21-5X-29
5574,572756-1,1.0,中州航空有限责任公司,Confirm,2021-09-08 20:49:15,21-5X-28
5722,21933-01AC,1.0,瑞丽航空有限公司,Done,2021-09-09 21:44:53,21-3x-02
5907,65-52810-57,1.0,中州航空有限责任公司,Done,2021-09-11 11:17:59,21-5X-02
6387,645242-1,1.0,中国国际航空股份有限公司,Confirm,2021-09-15 11:09:27,21-2x-28
6599,214C50-2,1.0,中国邮政航空有限责任公司,Done,2021-09-16 12:59:25,21-3x-09
6700,67600014-1,1.0,九元航空有限公司,Confirm,2021-09-17 10:14:58,21-5X-11
6700,67600014-1,1.0,九元航空有限公司,Confirm,2021-09-17 10:14:58,21-5X-40
6710,21933-01AC,1.0,瑞丽航空有限公司,Done,2021-09-17 11:09:16,21-3x-02
6901,645242-1,1.0,山东航空股份有限公司,Confirm,2021-09-18 16:29:20,21-2x-28
7155,1150250-1,1.0,幸福航空有限责任公司,Done,2021-09-21 02:27:50,21-5X-31
8203,398908-5,1.0,厦门航空有限公司,Done,2021-09-28 17:10:32,21-5X-35
8203,398908-5,1.0,厦门航空有限公司,Done,2021-09-28 17:10:32,21-6X-19
8527,214C50-2,2.0,浙江长龙航空有限公司,Confirm,2021-09-30 13:46:56,21-3x-09
8561,214C50-2,1.0,九元航空有限公司,Confirm,2021-09-30 16:45:40,21-3x-09
8879,67600014-1,1.0,幸福航空有限责任公司,Confirm,2021-10-03 07:41:14,21-5X-11
8879,67600014-1,1.0,幸福航空有限责任公司,Confirm,2021-10-03 07:41:14,21-5X-40
9144,7121-19971-01AC,2.0,中国邮政航空有限责任公司,Done,2021-10-05 18:34:07,21-3x-02
9149,67600014-1,1.0,厦门航空有限公司,Done,2021-10-05 20:46:59,21-5X-11
9149,67600014-1,1.0,厦门航空有限公司,Done,2021-10-05 20:46:59,21-5X-40
9254,214C50-2,2.0,中国邮政航空有限责任公司,Confirm,2021-10-06 19:39:34,21-3x-09
9352,2215510-1,1.0,北京飞机维修工程有限公司重庆分公司,Confirm,2021-10-07 23:34:54,21-5X-05
9353,2215490-1,1.0,北京飞机维修工程有限公司重庆分公司,Confirm,2021-10-07 23:34:54,21-5X-05
10552,645405-2,1.0,瑞丽航空有限公司,Done,2021-10-15 11:15:00,21-2x-16
11102,67600014-1,1.0,瑞丽航空有限公司,Confirm,2021-10-19 14:31:36,21-5X-11
11102,67600014-1,1.0,瑞丽航空有限公司,Confirm,2021-10-19 14:31:36,21-5X-40
11431,116817-5,1.0,海航航空技术有限公司,Confirm,2021-10-21 10:25:21,21-4X-01
11684,69-2914-25,1.0,北京飞机维修工程有限公司重庆分公司,Confirm,2021-10-22 17:13:30,21-2x-01-A
11856,398908-5,1.0,东海航空有限公司,Confirm,2021-10-23 18:50:18,21-5X-35
11856,398908-5,1.0,东海航空有限公司,Confirm,2021-10-23 18:50:18,21-6X-19
11904,645405-2,1.0,山东航空股份有限公司,Done,2021-10-24 08:23:52,21-2x-16
12235,213A3420-8,1.0,海航航空技术有限公司,Confirm,2021-10-26 07:36:18,21-5X-12-A
12255,WL501RC1,1.0,中国邮政航空有限责任公司,Confirm,2021-10-26 10:00:01,21-3x-07-A
12482,2215280-1,1.0,幸福航空有限责任公司,Confirm,2021-10-27 14:38:02,21-5X-04
12653,213A3420-7,1.0,海航航空技术有限公司,Confirm,2021-10-28 14:13:18,21-5X-12-A
12654,213A3420-8,1.0,海航航空技术有限公司,Confirm,2021-10-28 14:13:18,21-5X-12-A
13509,3202444-1,1.0,深圳航空有限责任公司,Confirm,2021-11-03 11:10:55,21-6X-17
13670,645242-1,1.0,昆明航空有限公司,Confirm,2021-11-04 13:48:12,21-2x-28
13736,396608-1,1.0,九元航空有限公司,Done,2021-11-04 17:07:21,21-5X-03
14250,214C50-2,1.0,中国邮政航空有限责任公司,Confirm,2021-11-08 21:21:55,21-3x-09
14251,396608-1,1.0,厦门航空有限公司,Confirm,2021-11-08 21:23:15,21-5X-03
14556,7123-19973-03AB,1.0,昆明飞安航空训练有限公司,Done,2021-11-10 18:28:04,21-3X-01
15206,398908-3,1.0,东海航空有限公司,Confirm,2021-11-15 14:00:49,21-5X-35
15206,398908-3,1.0,东海航空有限公司,Confirm,2021-11-15 14:00:49,21-6X-19
15425,645242-1,1.0,昆明航空有限公司,Confirm,2021-11-16 13:50:20,21-2x-28
15772,1019439-1-001,1.0,山东航空股份有限公司,Confirm,2021-11-18 17:34:24,21-3X-01
15781,541674-4,1.0,九元航空有限公司,Done,2021-11-18 20:51:04,21-5X-11
15781,541674-4,1.0,九元航空有限公司,Done,2021-11-18 20:51:04,21-5X-40
16396,65-52810-64,1.0,中原龙浩航空有限公司,Confirm,2021-11-23 22:57:35,21-5X-02
16631,645242-1,1.0,瑞丽航空有限公司,Done,2021-11-25 08:55:39,21-2x-28
16665,645242-1,1.0,瑞丽航空有限公司,Done,2021-11-25 12:49:15,21-2x-28
16797,622814-5,1.0,中原龙浩航空有限公司,Confirm,2021-11-25 19:38:25,21-6X-14
16879,645242-1,1.0,北京飞机维修工程有限公司呼和浩特分公司,Confirm,2021-11-26 15:12:25,21-2x-28
17041,541674-4,1.0,九元航空有限公司,Confirm,2021-11-27 17:56:43,21-5X-11
17041,541674-4,1.0,九元航空有限公司,Confirm,2021-11-27 17:56:43,21-5X-40
18364,398908-3,1.0,九元航空有限公司,Confirm,2021-12-06 15:37:33,21-5X-35
18364,398908-3,1.0,九元航空有限公司,Confirm,2021-12-06 15:37:33,21-6X-19
18810,645242-1,1.0,北京飞机维修工程有限公司呼和浩特分公司,Done,2021-12-08 16:10:39,21-2x-28
21590,67600014-1,1.0,幸福航空有限责任公司,Confirm,2021-12-24 14:52:52,21-5X-11
21590,67600014-1,1.0,幸福航空有限责任公司,Confirm,2021-12-24 14:52:52,21-5X-40
21714,67600014-1,1.0,厦门航空有限公司,Confirm,2021-12-25 11:21:36,21-5X-11
21714,67600014-1,1.0,厦门航空有限公司,Confirm,2021-12-25 11:21:36,21-5X-40
21985,7121-19971-01AC,1.0,中国邮政航空有限责任公司,Done,2021-12-27 14:20:45,21-3x-02
22493,1150002-1,1.0,苏南瑞丽航空有限公司,Confirm,2021-12-29 17:21:17,21-5X-13
22494,1150250-1,1.0,苏南瑞丽航空有限公司,Confirm,2021-12-29 19:08:19,21-5X-31
22742,WL501RC1,1.0,中原龙浩航空有限公司,Confirm,2021-12-31 07:46:26,21-3x-07-A
23081,65-52810-64,1.0,中国邮政航空有限责任公司,Confirm,2022-01-02 15:21:34,21-5X-02
23082,622814-5,1.0,中国邮政航空有限责任公司,Confirm,2022-01-02 15:21:34,21-6X-14
23083,541674-4,1.0,中国邮政航空有限责任公司,Confirm,2022-01-02 15:21:34,21-5X-11
23083,541674-4,1.0,中国邮政航空有限责任公司,Confirm,2022-01-02 15:21:34,21-5X-40
24155,3202444-1,1.0,厦门航空有限公司,Done,2022-01-07 21:55:25,21-6X-17
24318,396608-1,1.0,厦门航空有限公司,Done,2022-01-08 23:07:29,21-5X-03
24442,645242-1,1.0,昆明航空有限公司,Confirm,2022-01-09 22:43:19,21-2x-28
25474,641121-1,1.0,天津货运航空有限公司,Confirm,2022-01-14 21:04:34,21-6X-04
25483,63396754-2,1.0,厦门航空有限公司,Confirm,2022-01-14 21:40:19,21-5X-03
25722,398908-3,1.0,中国邮政航空有限责任公司,Done,2022-01-17 10:56:18,21-5X-35
25722,398908-3,1.0,中国邮政航空有限责任公司,Done,2022-01-17 10:56:18,21-6X-19
26858,572756-1,1.0,中国邮政航空有限责任公司,Done,2022-01-23 19:54:03,21-5X-28
27122,65-52810-64,1.0,昆明航空有限公司,Confirm,2022-01-25 09:17:54,21-5X-02
27208,2215280-1,1.0,昆明航空有限公司,Confirm,2022-01-25 14:08:04,21-5X-04
27546,645242-1,1.0,昆明航空有限公司,Confirm,2022-01-27 10:04:36,21-2x-28
28032,21933-01AC,1.0,幸福航空有限责任公司,Confirm,2022-01-30 19:03:39,21-3x-02
28323,396608-1,1.0,奥凯航空有限公司,Confirm,2022-02-05 01:06:18,21-5X-03
29368,398908-5,1.0,幸福航空有限责任公司,Done,2022-02-13 14:56:32,21-5X-35
29368,398908-5,1.0,幸福航空有限责任公司,Done,2022-02-13 14:56:32,21-6X-19
29479,645405-2,1.0,东海航空有限公司,Confirm,2022-02-14 09:15:56,21-2x-16
29935,21933-01AD,1.0,厦门航空有限公司,Confirm,2022-02-16 19:06:58,21-3x-02
30464,67600014-1,1.0,九元航空有限公司,Done,2022-02-20 15:05:13,21-5X-11
30464,67600014-1,1.0,九元航空有限公司,Done,2022-02-20 15:05:13,21-5X-40
30809,398908-5,1.0,深圳航空有限责任公司,Confirm,2022-02-22 14:49:33,21-5X-35
30809,398908-5,1.0,深圳航空有限责任公司,Confirm,2022-02-22 14:49:33,21-6X-19
31435,4063-19972-02AB,1.0,中国邮政航空有限责任公司,Done,2022-02-25 22:05:35,21-3x-03
31656,3202444-1,2.0,厦门航空有限公司,Done,2022-02-27 22:04:49,21-6X-17
34264,67600014-1,1.0,九元航空有限公司,Done,2022-03-13 23:07:42,21-5X-11
34264,67600014-1,1.0,九元航空有限公司,Done,2022-03-13 23:07:42,21-5X-40
34275,4063-19972-01AB,1.0,中原龙浩航空有限公司,Done,2022-03-14 07:54:53,21-3x-03
34989,67600014-1,1.0,九元航空有限公司,Done,2022-03-18 02:18:39,21-5X-11
34989,67600014-1,1.0,九元航空有限公司,Done,2022-03-18 02:18:39,21-5X-40
35289,21230-10BA,1.0,九元航空有限公司,Done,2022-03-20 21:30:33,21-3x-03
35290,21933-01AD,1.0,九元航空有限公司,Done,2022-03-20 21:30:33,21-3x-02
35385,645242-1,1.0,昆明航空有限公司,Confirm,2022-03-21 14:08:49,21-2x-28
35738,69-2914-15,1.0,凌云（宜昌）航空工程有限公司,Done,2022-03-22 16:38:22,21-2x-01-A
36485,396608-1,1.0,东海航空有限公司,Confirm,2022-03-25 13:31:50,21-5X-03
36516,645242-1,1.0,北京飞机维修工程有限公司呼和浩特分公司,Done,2022-03-25 15:02:10,21-2x-28
36682,645242-1,1.0,北京飞机维修工程有限公司重庆分公司,Done,2022-03-27 04:56:21,21-2x-28
36969,398908-5,1.0,河北航空有限公司,Confirm,2022-03-28 08:41:54,21-5X-35
36969,398908-5,1.0,河北航空有限公司,Confirm,2022-03-28 08:41:54,21-6X-19
37900,1019439-1-001,1.0,九元航空有限公司,Confirm,2022-04-01 10:02:51,21-3X-01
38066,67600014-1,1.0,厦门航空有限公司,Confirm,2022-04-02 08:52:24,21-5X-11
38066,67600014-1,1.0,厦门航空有限公司,Confirm,2022-04-02 08:52:24,21-5X-40
38424,67600014-1,1.0,九元航空有限公司,Done,2022-04-04 10:05:58,21-5X-11
38424,67600014-1,1.0,九元航空有限公司,Done,2022-04-04 10:05:58,21-5X-40
38838,645242-1,1.0,北京飞机维修工程有限公司呼和浩特分公司,Done,2022-04-06 15:49:40,21-2x-28
39851,396608-1,1.0,山东航空股份有限公司,Done,2022-04-11 22:47:20,21-5X-03
40281,622814-5,1.0,中原龙浩航空有限公司,Done,2022-04-14 06:14:29,21-6X-14
40314,398908-3,1.0,中原龙浩航空有限公司,Done,2022-04-14 10:17:02,21-5X-35
40314,398908-3,1.0,中原龙浩航空有限公司,Done,2022-04-14 10:17:02,21-6X-19
40721,548376-6,1.0,中原龙浩航空有限公司,Done,2022-04-17 01:18:38,21-6X-14
40762,398116-1-1,1.0,中原龙浩航空有限公司,Done,2022-04-17 01:35:54,21-6X-22
41578,3202444-1,1.0,厦门航空有限公司,Done,2022-04-21 10:58:20,21-6X-17
42558,213A3410-1,1.0,海航航空技术有限公司,Confirm,2022-04-26 08:21:40,21-5X-12-A
42559,213A3420-7,1.0,海航航空技术有限公司,Confirm,2022-04-26 08:21:40,21-5X-12-A
42605,213A3410-1,1.0,海南航空控股股份有限公司,Confirm,2022-04-26 11:10:36,21-5X-12-A
42606,213A3420-7,1.0,海南航空控股股份有限公司,Confirm,2022-04-26 11:10:36,21-5X-12-A
43134,645242-1,1.0,北京飞机维修工程有限公司天津分公司,Done,2022-04-28 20:57:28,21-2x-28
45037,7121-19971-01AC,1.0,顺丰航空有限公司,Confirm,2022-05-12 07:44:21,21-3x-02
46071,398908-5,1.0,幸福航空有限责任公司,Done,2022-05-18 10:50:14,21-5X-35
46071,398908-5,1.0,幸福航空有限责任公司,Done,2022-05-18 10:50:14,21-6X-19
47610,213A3420-8,1.0,山东航空股份有限公司,Confirm,2022-05-26 18:37:06,21-5X-12-A
47988,398908-5,1.0,幸福航空有限责任公司,Confirm,2022-05-28 21:25:01,21-5X-35
47988,398908-5,1.0,幸福航空有限责任公司,Confirm,2022-05-28 21:25:01,21-6X-19
48034,7123-19973-02AC,1.0,厦门航空有限公司,Confirm,2022-05-29 11:39:03,21-3X-01
48373,7121-19971-01AC,1.0,顺丰航空有限公司,Done,2022-05-31 12:43:23,21-3x-02
49031,398908-3,1.0,九元航空有限公司,Confirm,2022-06-03 12:41:23,21-5X-35
49031,398908-3,1.0,九元航空有限公司,Confirm,2022-06-03 12:41:23,21-6X-19
49274,51090160-1,1.0,厦门航空有限公司,Confirm,2022-06-05 07:51:52,21-6X-14
50604,645242-1,1.0,山东航空股份有限公司,Confirm,2022-06-11 23:48:22,21-2x-28
51827,4101054,1.0,杭州圆通货运航空有限公司,Confirm,2022-06-17 17:43:56,21-2x-25
51827,4101054,1.0,杭州圆通货运航空有限公司,Confirm,2022-06-17 17:43:56,21-2x-24
52565,824392-1-002,1.0,中国国际航空股份有限公司,Done,2022-06-21 13:30:15,21-3X-01
53156,1019439-2-001,1.0,九元航空有限公司,Confirm,2022-06-24 00:38:01,21-3X-01
53315,3202444-1,2.0,深圳航空有限责任公司,Done,2022-06-24 14:56:44,21-6X-17
53968,641121-1,1.0,中国邮政航空有限责任公司,Confirm,2022-06-27 16:03:24,21-6X-04
54024,2215280-1,1.0,海航航空技术有限公司,Confirm,2022-06-27 19:43:31,21-5X-04
54084,7121-19971-01AC,1.0,中国邮政航空有限责任公司,Done,2022-06-28 07:36:45,21-3x-02
54742,824392-1-003,1.0,东方航空技术有限公司,Confirm,2022-06-30 18:32:26,21-3X-01
55118,1019439-1-001,1.0,奥凯航空有限公司,Done,2022-07-02 17:29:46,21-3X-01
56241,024116,1.0,顺丰航空有限公司,Confirm,2022-07-07 18:34:16,21-6X-25
56287,67600014-1,1.0,九元航空有限公司,Confirm,2022-07-08 01:35:17,21-5X-11
56287,67600014-1,1.0,九元航空有限公司,Confirm,2022-07-08 01:35:17,21-5X-40
56492,641121-1,1.0,中国邮政航空有限责任公司,Done,2022-07-08 20:43:36,21-6X-04
56616,7121-19971-01AB,1.0,中原龙浩航空有限公司,Confirm,2022-07-09 16:52:59,21-3x-02
56675,622878-2,1.0,北京飞机维修工程有限公司天津分公司,Confirm,2022-07-10 08:57:26,21-5X-34
56675,622878-2,1.0,北京飞机维修工程有限公司天津分公司,Confirm,2022-07-10 08:57:26,21-6X-13
56822,398908-3,1.0,九元航空有限公司,Confirm,2022-07-11 04:22:15,21-5X-35
56822,398908-3,1.0,九元航空有限公司,Confirm,2022-07-11 04:22:15,21-6X-19
56999,213A3410-2,1.0,海南航空控股股份有限公司,Confirm,2022-07-11 17:36:19,21-5X-12-A
57256,398908-5,1.0,幸福航空有限责任公司,Done,2022-07-12 21:07:59,21-5X-35
57256,398908-5,1.0,幸福航空有限责任公司,Done,2022-07-12 21:07:59,21-6X-19
57271,398908-3,1.0,幸福航空有限责任公司,Done,2022-07-13 00:30:38,21-5X-35
57271,398908-3,1.0,幸福航空有限责任公司,Done,2022-07-13 00:30:38,21-6X-19
57315,65-52810-57,1.0,中州航空有限责任公司,Done,2022-07-13 09:42:53,21-5X-02
57448,63396754-2,1.0,幸福航空有限责任公司,Confirm,2022-07-13 14:56:17,21-5X-03
57491,213A3410-2,1.0,海航航空技术有限公司,Confirm,2022-07-13 17:00:03,21-5X-12-A
57510,3290206-1,1.0,海航航空技术有限公司,Confirm,2022-07-13 19:00:08,21-5X-36
57511,65-52810-64,1.0,海航航空技术有限公司,Confirm,2022-07-13 19:00:08,21-5X-02
57512,3214972-1,1.0,海航航空技术有限公司,Confirm,2022-07-13 19:00:08,21-6X-18
57513,398908-3,1.0,海航航空技术有限公司,Confirm,2022-07-13 19:00:08,21-5X-35
57513,398908-3,1.0,海航航空技术有限公司,Confirm,2022-07-13 19:00:08,21-6X-19
57537,51090248-005,1.0,幸福航空有限责任公司,Done,2022-07-13 22:18:46,21-6X-14
57656,51090248-002,1.0,幸福航空有限责任公司,Confirm,2022-07-14 13:46:37,21-6X-14
57795,21933-01AD,1.0,山东航空股份有限公司,Confirm,2022-07-15 08:18:19,21-3x-02
57796,21230-03AC,1.0,山东航空股份有限公司,Confirm,2022-07-15 08:18:19,21-3x-03
57912,645242-1,1.0,奥凯航空有限公司,Done,2022-07-15 14:07:29,21-2x-28
58218,3202444-1,1.0,海航航空技术有限公司,Confirm,2022-07-17 14:12:02,21-6X-17
58290,67600014-1,1.0,九元航空有限公司,Done,2022-07-18 04:39:38,21-5X-11
58290,67600014-1,1.0,九元航空有限公司,Done,2022-07-18 04:39:38,21-5X-40
58621,398908-3,1.0,幸福航空有限责任公司,Confirm,2022-07-19 12:36:19,21-5X-35
58621,398908-3,1.0,幸福航空有限责任公司,Confirm,2022-07-19 12:36:19,21-6X-19
58729,67600014-1,1.0,奥凯航空有限公司,Done,2022-07-19 22:26:20,21-5X-11
58729,67600014-1,1.0,奥凯航空有限公司,Done,2022-07-19 22:26:20,21-5X-40
59053,624018-1,1.0,顺丰航空有限公司,Confirm,2022-07-21 14:47:38,21-6X-01
59257,622878-2,1.0,北京飞机维修工程有限公司天津分公司,Confirm,2022-07-22 15:11:18,21-5X-34
59257,622878-2,1.0,北京飞机维修工程有限公司天津分公司,Confirm,2022-07-22 15:11:18,21-6X-13
59798,398908-3,1.0,中国邮政航空有限责任公司,Confirm,2022-07-26 08:09:24,21-5X-35
59798,398908-3,1.0,中国邮政航空有限责任公司,Confirm,2022-07-26 08:09:24,21-6X-19
60070,1019439-2-001,1.0,深圳航空有限责任公司,Confirm,2022-07-27 10:00:27,21-3X-01
60611,21230-02AC,1.0,山东航空股份有限公司,Confirm,2022-07-29 21:27:49,21-3x-03
60705,622878-2,1.0,北京飞机维修工程有限公司重庆分公司,Done,2022-07-30 14:00:49,21-5X-34
60705,622878-2,1.0,北京飞机维修工程有限公司重庆分公司,Done,2022-07-30 14:00:49,21-6X-13
60878,21933-01AD,1.0,昆明航空有限公司,Confirm,2022-07-31 18:58:32,21-3x-02
61118,622814-5,1.0,江苏京东货运航空有限公司,Confirm,2022-08-02 01:40:29,21-6X-14
61221,622878-2,2.0,江苏京东货运航空有限公司,Confirm,2022-08-02 14:36:20,21-5X-34
61221,622878-2,2.0,江苏京东货运航空有限公司,Confirm,2022-08-02 14:36:20,21-6X-13
61695,398908-3,1.0,幸福航空有限责任公司,Confirm,2022-08-04 19:44:45,21-5X-35
61695,398908-3,1.0,幸福航空有限责任公司,Confirm,2022-08-04 19:44:45,21-6X-19
61813,398908-3,1.0,山东航空股份有限公司,Confirm,2022-08-05 14:06:20,21-5X-35
61813,398908-3,1.0,山东航空股份有限公司,Confirm,2022-08-05 14:06:20,21-6X-19
62133,622814-5,1.0,中国邮政航空有限责任公司,Confirm,2022-08-07 11:26:39,21-6X-14
62148,3202444-1,1.0,海航航空技术有限公司,Confirm,2022-08-07 12:46:54,21-6X-17
62620,398116-1-1,1.0,苏南瑞丽航空有限公司,Confirm,2022-08-10 01:08:17,21-6X-22
62908,622878-2,1.0,九元航空有限公司,Confirm,2022-08-11 14:26:38,21-5X-34
62908,622878-2,1.0,九元航空有限公司,Confirm,2022-08-11 14:26:38,21-6X-13
63178,572757-1,1.0,中州航空有限责任公司,Confirm,2022-08-12 21:52:02,21-5X-29
63180,572756-1,1.0,中州航空有限责任公司,Confirm,2022-08-12 21:52:02,21-5X-28
63182,641172-1,1.0,中州航空有限责任公司,Confirm,2022-08-12 21:52:02,21-5X-30
63371,4063-19972-01AA,1.0,中国邮政航空有限责任公司,Confirm,2022-08-14 07:25:36,21-3x-03
63417,1019439-2-001,1.0,苏南瑞丽航空有限公司,Done,2022-08-14 13:34:54,21-3X-01
63904,162BL903,1.0,昆明航空有限公司,Done,2022-08-16 17:21:39,21-6X-07
63907,3290206-1,1.0,山东航空股份有限公司,Confirm,2022-08-16 17:39:58,21-5X-36
63976,2215240-3,1.0,深圳航空有限责任公司,Confirm,2022-08-17 10:03:27,21-5X-04
64486,3202444-1,1.0,深圳航空有限责任公司,Confirm,2022-08-19 15:54:24,21-6X-17
64546,541674-4,1.0,厦门航空有限公司,Done,2022-08-20 03:06:10,21-5X-11
64546,541674-4,1.0,厦门航空有限公司,Done,2022-08-20 03:06:10,21-5X-40
64616,7121-19971-01AB,1.0,中原龙浩航空有限公司,Done,2022-08-20 16:47:52,21-3x-02
64756,398116-1-1,1.0,苏南瑞丽航空有限公司,Confirm,2022-08-21 21:33:50,21-6X-22
64783,3290206-1,1.0,中国邮政航空有限责任公司,Done,2022-08-22 07:56:52,21-5X-36
66174,398908-3,1.0,山东航空股份有限公司,Done,2022-08-29 16:45:14,21-5X-35
66174,398908-3,1.0,山东航空股份有限公司,Done,2022-08-29 16:45:14,21-6X-19
66189,398908-5,1.0,山东航空股份有限公司,Done,2022-08-29 17:54:54,21-5X-35
66189,398908-5,1.0,山东航空股份有限公司,Done,2022-08-29 17:54:54,21-6X-19
66357,21933-01AC,1.0,山东航空股份有限公司,Confirm,2022-08-30 15:17:46,21-3x-02
67117,69-2914-24,1.0,厦门航空有限公司,Done,2022-09-04 14:35:08,21-2x-01-A
67734,3214972-1,1.0,奥凯航空有限公司,Done,2022-09-07 15:37:24,21-6X-18
67914,63396754-2,1.0,山东航空股份有限公司,Confirm,2022-09-08 16:05:33,21-5X-03
67948,67600014-1,1.0,山东航空股份有限公司,Done,2022-09-08 20:09:27,21-5X-11
67948,67600014-1,1.0,山东航空股份有限公司,Done,2022-09-08 20:09:27,21-5X-40
67975,67600014-1,1.0,厦门航空有限公司,Confirm,2022-09-09 00:02:31,21-5X-11
67975,67600014-1,1.0,厦门航空有限公司,Confirm,2022-09-09 00:02:31,21-5X-40
68078,7121-19971-01AC,1.0,天津货运航空有限公司,Done,2022-09-09 13:33:24,21-3x-02
68365,2215280-1,1.0,昆明航空有限公司,Done,2022-09-11 20:44:29,21-5X-04
68409,3290206-1,1.0,中国邮政航空有限责任公司,Done,2022-09-12 10:57:12,21-5X-36
69157,67600014-1,1.0,苏南瑞丽航空有限公司,Confirm,2022-09-16 12:08:50,21-5X-11
69157,67600014-1,1.0,苏南瑞丽航空有限公司,Confirm,2022-09-16 12:08:50,21-5X-40
69195,3202444-1,1.0,九元航空有限公司,Done,2022-09-16 14:26:02,21-6X-17
70216,3202444-1,1.0,海南航空控股股份有限公司,Done,2022-09-22 14:21:05,21-6X-17
70576,024116,1.0,北京飞机维修工程有限公司重庆分公司,Confirm,2022-09-23 21:43:03,21-6X-25
70704,396608-1,1.0,北京飞机维修工程有限公司呼和浩特分公司,Done,2022-09-24 20:33:26,21-5X-03
71266,398116-1-1,1.0,北京飞机维修工程有限公司重庆分公司,Done,2022-09-27 21:03:38,21-6X-22
71906,622814-5,1.0,中国邮政航空有限责任公司,Confirm,2022-09-30 19:36:21,21-6X-14
72310,645242-1,1.0,昆明航空有限公司,Confirm,2022-10-03 16:12:29,21-2x-28
72545,67600014-1,1.0,奥凯航空有限公司,Done,2022-10-05 22:12:16,21-5X-11
72545,67600014-1,1.0,奥凯航空有限公司,Done,2022-10-05 22:12:16,21-5X-40
73329,396608-1,1.0,九元航空有限公司,Done,2022-10-10 17:28:36,21-5X-03
73655,624018-1,1.0,中国邮政航空有限责任公司,Confirm,2022-10-12 14:50:58,21-6X-01
73831,7121-19971-01AC,2.0,中国邮政航空有限责任公司,Done,2022-10-13 13:56:41,21-3x-02
73833,398908-3,1.0,中国邮政航空有限责任公司,Confirm,2022-10-13 13:56:41,21-5X-35
73833,398908-3,1.0,中国邮政航空有限责任公司,Confirm,2022-10-13 13:56:41,21-6X-19
73834,622814-5,2.0,中国邮政航空有限责任公司,Done,2022-10-13 13:56:41,21-6X-14
74285,67600014-1,1.0,北京飞机维修工程有限公司天津分公司,Done,2022-10-16 14:41:43,21-5X-11
74285,67600014-1,1.0,北京飞机维修工程有限公司天津分公司,Done,2022-10-16 14:41:43,21-5X-40
74773,2215240-1,1.0,九元航空有限公司,Done,2022-10-18 23:18:20,21-5X-04
75199,1150250-1,1.0,中国邮政航空有限责任公司,Confirm,2022-10-21 05:34:44,21-5X-31
75200,398908-5,1.0,中国邮政航空有限责任公司,Done,2022-10-21 05:34:44,21-5X-35
75200,398908-5,1.0,中国邮政航空有限责任公司,Done,2022-10-21 05:34:44,21-6X-19
75221,3290206-1,1.0,中国邮政航空有限责任公司,Done,2022-10-21 10:01:38,21-5X-36
75387,824392-2-003,1.0,东海航空有限公司,Done,2022-10-21 17:51:05,21-3X-01
75456,396608-1,1.0,海南航空控股股份有限公司,Confirm,2022-10-22 12:22:52,21-5X-03
76759,398908-5,1.0,天津货运航空有限公司,Confirm,2022-10-30 05:47:44,21-5X-35
76759,398908-5,1.0,天津货运航空有限公司,Confirm,2022-10-30 05:47:44,21-6X-19
77153,398908-5,1.0,中国邮政航空有限责任公司,Done,2022-11-01 11:52:27,21-5X-35
77153,398908-5,1.0,中国邮政航空有限责任公司,Done,2022-11-01 11:52:27,21-6X-19
77324,622814-5,1.0,中国邮政航空有限责任公司,Done,2022-11-02 11:02:37,21-6X-14
77621,622878-2,1.0,中州航空有限责任公司,Confirm,2022-11-04 07:45:48,21-5X-34
77621,622878-2,1.0,中州航空有限责任公司,Confirm,2022-11-04 07:45:48,21-6X-13
77623,398908-3,1.0,中州航空有限责任公司,Confirm,2022-11-04 07:45:48,21-5X-35
77623,398908-3,1.0,中州航空有限责任公司,Confirm,2022-11-04 07:45:48,21-6X-19
78186,398908-5,1.0,九元航空有限公司,Confirm,2022-11-07 19:00:45,21-5X-35
78186,398908-5,1.0,九元航空有限公司,Confirm,2022-11-07 19:00:45,21-6X-19
78832,622814-4,1.0,中州航空有限责任公司,Confirm,2022-11-11 16:53:15,21-6X-14
80110,67600014-1,1.0,北京飞机维修工程有限公司天津分公司,Confirm,2022-11-19 22:50:57,21-5X-11
80110,67600014-1,1.0,北京飞机维修工程有限公司天津分公司,Confirm,2022-11-19 22:50:57,21-5X-40
80355,396608-1,1.0,中州航空有限责任公司,Confirm,2022-11-21 20:15:15,21-5X-03
82538,3202444-1,2.0,东方航空技术有限公司,Done,2022-12-05 13:15:15,21-6X-17
83997,3202444-1,1.0,九元航空有限公司,Done,2022-12-13 15:11:03,21-6X-17
84569,67200060-1,1.0,福州航空有限责任公司,Confirm,2022-12-17 08:29:36,21-7x-01
84887,67600014-1,1.0,奥凯航空有限公司,Confirm,2022-12-19 18:15:17,21-5X-11
84887,67600014-1,1.0,奥凯航空有限公司,Confirm,2022-12-19 18:15:17,21-5X-40
87239,398908-5,1.0,山东航空股份有限公司,Confirm,2023-01-06 02:20:51,21-5X-35
87239,398908-5,1.0,山东航空股份有限公司,Confirm,2023-01-06 02:20:51,21-6X-19
88087,396608-1,1.0,厦门航空有限公司,Done,2023-01-10 23:27:19,21-5X-03
88594,398908-6,1.0,九元航空有限公司,Done,2023-01-13 12:34:58,21-6X-19
88594,398908-6,1.0,九元航空有限公司,Done,2023-01-13 12:34:58,21-5X-35
89255,21230-10BA,1.0,金鹏航空股份有限公司,Confirm,2023-01-17 00:31:30,21-3x-03
89900,398908-3,1.0,河北航空有限公司,Confirm,2023-01-20 11:22:39,21-5X-35
89900,398908-3,1.0,河北航空有限公司,Confirm,2023-01-20 11:22:39,21-6X-19
89909,396608-1,1.0,东海航空有限公司,Done,2023-01-20 12:45:27,21-5X-03
89950,396608-1,1.0,中国国际航空股份有限公司重庆分公司,Done,2023-01-20 16:26:29,21-5X-03
89977,396608-1,1.0,东海航空有限公司,Done,2023-01-21 00:16:41,21-5X-03
90074,51090248-005,1.0,苏南瑞丽航空有限公司,Confirm,2023-01-22 01:30:15,21-6X-14
90572,67600014-1,1.0,奥凯航空有限公司,Done,2023-01-25 21:22:23,21-5X-11
90572,67600014-1,1.0,奥凯航空有限公司,Done,2023-01-25 21:22:23,21-5X-40
90745,645405-2,1.0,九元航空有限公司,Done,2023-01-27 09:23:56,21-2x-16
90825,67600014-1,1.0,奥凯航空有限公司,Done,2023-01-27 16:13:36,21-5X-11
90825,67600014-1,1.0,奥凯航空有限公司,Done,2023-01-27 16:13:36,21-5X-40
90844,824392-1-003,1.0,苏南瑞丽航空有限公司,Done,2023-01-27 20:57:01,21-3X-01
91143,398908-3,1.0,幸福航空有限责任公司,Done,2023-01-29 11:43:08,21-5X-35
91143,398908-3,1.0,幸福航空有限责任公司,Done,2023-01-29 11:43:08,21-6X-19
92408,398908-3,1.0,苏南瑞丽航空有限公司,Confirm,2023-02-05 13:11:11,21-5X-35
92408,398908-3,1.0,苏南瑞丽航空有限公司,Confirm,2023-02-05 13:11:11,21-6X-19
92601,65-52810-64,1.0,顺丰航空有限公司,Done,2023-02-06 11:48:40,21-5X-02
93453,7121-19971-01AC,1.0,中国邮政航空有限责任公司,Done,2023-02-09 18:51:26,21-3x-02
93570,1019439-2-001,1.0,幸福航空有限责任公司,Done,2023-02-10 13:12:13,21-3X-01
94734,67600014-1,1.0,苏南瑞丽航空有限公司,Confirm,2023-02-16 10:13:06,21-5X-11
94734,67600014-1,1.0,苏南瑞丽航空有限公司,Confirm,2023-02-16 10:13:06,21-5X-40
94895,396608-1,1.0,厦门航空有限公司,Done,2023-02-17 08:00:56,21-5X-03
95383,622878-2,1.0,中州航空有限责任公司,Done,2023-02-20 07:22:31,21-5X-34
95383,622878-2,1.0,中州航空有限责任公司,Done,2023-02-20 07:22:31,21-6X-13
96064,622878-2,1.0,中州航空有限责任公司,Done,2023-02-22 16:59:15,21-5X-34
96064,622878-2,1.0,中州航空有限责任公司,Done,2023-02-22 16:59:15,21-6X-13
97348,622878-2,1.0,中州航空有限责任公司,Done,2023-02-28 20:08:34,21-5X-34
97348,622878-2,1.0,中州航空有限责任公司,Done,2023-02-28 20:08:34,21-6X-13
97456,396608-1,1.0,东海航空有限公司,Confirm,2023-03-01 12:49:14,21-5X-03
97526,398908-5,1.0,九元航空有限公司,Done,2023-03-01 16:12:16,21-5X-35
97526,398908-5,1.0,九元航空有限公司,Done,2023-03-01 16:12:16,21-6X-19
97591,3214972-1,1.0,东方航空技术有限公司,Confirm,2023-03-01 21:12:49,21-6X-18
98109,396608-1,1.0,北京飞机维修工程有限公司重庆分公司,Done,2023-03-03 20:12:31,21-5X-03
98116,645242-1,1.0,奥凯航空有限公司,Done,2023-03-03 22:13:28,21-2x-28
99559,396608-1,1.0,北京飞机维修工程有限公司重庆分公司,Done,2023-03-11 19:42:05,21-5X-03
99747,51090248-003,1.0,幸福航空有限责任公司,Confirm,2023-03-12 20:53:21,21-6X-14
100463,1150002-1,1.0,九元航空有限公司,Done,2023-03-15 18:57:01,21-5X-13
101343,645242-1,1.0,东海航空有限公司,Done,2023-03-20 10:47:10,21-2x-28
102429,396608-1,1.0,北京飞机维修工程有限公司重庆分公司,Done,2023-03-24 15:15:59,21-5X-03
104076,67600014-1,1.0,幸福航空有限责任公司,Confirm,2023-03-31 18:49:54,21-5X-11
104076,67600014-1,1.0,幸福航空有限责任公司,Confirm,2023-03-31 18:49:54,21-5X-40
104139,2215240-1,1.0,东海航空有限公司,Done,2023-04-01 11:24:23,21-5X-04
104947,AW2835AB06,1.0,中国邮政航空有限责任公司,Done,2023-04-04 17:41:21,21-3x-07-B
104948,21933-01AC,2.0,中国邮政航空有限责任公司,Done,2023-04-04 17:41:21,21-3x-02
105150,1150002-1,1.0,中原龙浩航空有限公司,Done,2023-04-06 08:27:07,21-5X-13
105570,622878-2,1.0,中国邮政航空有限责任公司,Confirm,2023-04-07 15:25:29,21-5X-34
105570,622878-2,1.0,中国邮政航空有限责任公司,Confirm,2023-04-07 15:25:29,21-6X-13
106394,WL501RC1,1.0,中州航空有限责任公司,Done,2023-04-11 19:23:38,21-3x-07-A
106861,21933-01AC,1.0,中州航空有限责任公司,Confirm,2023-04-13 15:39:11,21-3x-02
106862,WL501RC1,1.0,中州航空有限责任公司,Confirm,2023-04-13 15:39:11,21-3x-07-A
107720,541674-4,1.0,天津货运航空有限公司,Done,2023-04-17 11:55:49,21-5X-11
107720,541674-4,1.0,天津货运航空有限公司,Done,2023-04-17 11:55:49,21-5X-40
108680,67600014-1,1.0,昆明航空有限公司,Done,2023-04-20 14:33:02,21-5X-11
108680,67600014-1,1.0,昆明航空有限公司,Done,2023-04-20 14:33:02,21-5X-40
109071,645242-1,1.0,东海航空有限公司,Confirm,2023-04-22 11:48:43,21-2x-28
110660,398908-5,1.0,奥凯航空有限公司,Done,2023-04-29 22:47:57,21-5X-35
110660,398908-5,1.0,奥凯航空有限公司,Done,2023-04-29 22:47:57,21-6X-19
110731,1150002-1,1.0,中原龙浩航空有限公司,Done,2023-04-30 10:11:57,21-5X-13
111140,67600014-1,1.0,北京飞机维修工程有限公司呼和浩特分公司,Done,2023-05-03 08:32:06,21-5X-11
111140,67600014-1,1.0,北京飞机维修工程有限公司呼和浩特分公司,Done,2023-05-03 08:32:06,21-5X-40
111223,398908-3,1.0,山东航空股份有限公司,Done,2023-05-03 20:53:17,21-5X-35
111223,398908-3,1.0,山东航空股份有限公司,Done,2023-05-03 20:53:17,21-6X-19
112379,WL501RC1,1.0,中原龙浩航空有限公司,Confirm,2023-05-08 11:46:43,21-3x-07-A
112831,622878-2,1.0,中国邮政航空有限责任公司,Done,2023-05-10 10:38:15,21-5X-34
112831,622878-2,1.0,中国邮政航空有限责任公司,Done,2023-05-10 10:38:15,21-6X-13
112898,398908-3,1.0,中国邮政航空有限责任公司,Done,2023-05-10 14:40:23,21-5X-35
112898,398908-3,1.0,中国邮政航空有限责任公司,Done,2023-05-10 14:40:23,21-6X-19
114967,396608-1,1.0,北京飞机维修工程有限公司天津分公司,Done,2023-05-20 00:20:44,21-5X-03
116350,65-52810-64,1.0,金鹏航空股份有限公司,Confirm,2023-05-26 12:39:06,21-5X-02
116450,645242-1,1.0,北京飞机维修工程有限公司大连分公司,Done,2023-05-26 17:32:07,21-2x-28
117308,624018-1,1.0,奥凯航空有限公司,Done,2023-05-30 19:27:53,21-6X-01
117327,3214972-1,1.0,奥凯航空有限公司,Done,2023-05-30 22:18:43,21-6X-18
118309,67600014-1,1.0,奥凯航空有限公司,Done,2023-06-04 17:12:16,21-5X-11
118309,67600014-1,1.0,奥凯航空有限公司,Done,2023-06-04 17:12:16,21-5X-40
118353,67600014-1,1.0,奥凯航空有限公司,Done,2023-06-05 02:06:10,21-5X-11
118353,67600014-1,1.0,奥凯航空有限公司,Done,2023-06-05 02:06:10,21-5X-40
118771,67600014-1,1.0,奥凯航空有限公司,Done,2023-06-06 14:21:50,21-5X-11
118771,67600014-1,1.0,奥凯航空有限公司,Done,2023-06-06 14:21:50,21-5X-40
119205,7123-19973-03AB,1.0,奥凯航空有限公司,Done,2023-06-08 08:10:16,21-3X-01
119464,398908-5,1.0,九元航空有限公司,Done,2023-06-09 02:46:49,21-5X-35
119464,398908-5,1.0,九元航空有限公司,Done,2023-06-09 02:46:49,21-6X-19
119721,396498-2,1.0,北京飞机维修工程有限公司重庆分公司,Done,2023-06-10 10:00:45,21-5X-03
120005,396608-1,1.0,北京飞机维修工程有限公司天津分公司,Done,2023-06-11 21:11:11,21-5X-03
120017,214C50-2,1.0,海航航空技术有限公司,Done,2023-06-12 00:10:20,21-3x-09
120583,21933-01AD,1.0,东方航空技术有限公司,Done,2023-06-14 10:10:34,21-3x-02
120801,541674-4,1.0,中州航空有限责任公司,Done,2023-06-15 02:49:53,21-5X-11
120801,541674-4,1.0,中州航空有限责任公司,Done,2023-06-15 02:49:53,21-5X-40
121271,398908-5,1.0,九元航空有限公司,Done,2023-06-16 22:53:24,21-5X-35
121271,398908-5,1.0,九元航空有限公司,Done,2023-06-16 22:53:24,21-6X-19
121467,398908-3,1.0,苏南瑞丽航空有限公司,Done,2023-06-18 03:21:49,21-5X-35
121467,398908-3,1.0,苏南瑞丽航空有限公司,Done,2023-06-18 03:21:49,21-6X-19
121612,2215280-1,1.0,东海航空有限公司,Done,2023-06-19 03:43:27,21-5X-04
122091,396608-1,1.0,北京飞机维修工程有限公司重庆分公司,Done,2023-06-20 16:43:55,21-5X-03
122686,4101054,1.0,苏南瑞丽航空有限公司,Done,2023-06-23 10:25:13,21-2x-25
122686,4101054,1.0,苏南瑞丽航空有限公司,Done,2023-06-23 10:25:13,21-2x-24
122720,398908-5,1.0,九元航空有限公司,Confirm,2023-06-23 12:33:09,21-5X-35
122720,398908-5,1.0,九元航空有限公司,Confirm,2023-06-23 12:33:09,21-6X-19
122888,622878-2,1.0,中国邮政航空有限责任公司,Confirm,2023-06-24 12:39:47,21-5X-34
122888,622878-2,1.0,中国邮政航空有限责任公司,Confirm,2023-06-24 12:39:47,21-6X-13
122993,024116,1.0,九元航空有限公司,Done,2023-06-25 07:18:57,21-6X-25
123261,4101054,1.0,厦门航空有限公司,Done,2023-06-25 23:51:33,21-2x-25
123261,4101054,1.0,厦门航空有限公司,Done,2023-06-25 23:51:33,21-2x-24
123919,67600014-1,1.0,幸福航空有限责任公司,Done,2023-06-28 17:37:18,21-5X-11
123919,67600014-1,1.0,幸福航空有限责任公司,Done,2023-06-28 17:37:18,21-5X-40
124018,67600014-1,1.0,北京飞机维修工程有限公司大连分公司,Confirm,2023-06-29 10:18:27,21-5X-11
124018,67600014-1,1.0,北京飞机维修工程有限公司大连分公司,Confirm,2023-06-29 10:18:27,21-5X-40
124360,21933-01AC,1.0,苏南瑞丽航空有限公司,Done,2023-06-30 15:27:56,21-3x-02
124618,67600014-1,1.0,幸福航空有限责任公司,Done,2023-07-01 19:49:15,21-5X-11
124618,67600014-1,1.0,幸福航空有限责任公司,Done,2023-07-01 19:49:15,21-5X-40
124649,645242-1,1.0,奥凯航空有限公司,Done,2023-07-02 01:28:25,21-2x-28
125281,63396754-2,1.0,幸福航空有限责任公司,Done,2023-07-05 10:17:54,21-5X-03
125519,398908-5,1.0,苏南瑞丽航空有限公司,Done,2023-07-06 09:41:42,21-5X-35
125519,398908-5,1.0,苏南瑞丽航空有限公司,Done,2023-07-06 09:41:42,21-6X-19
125577,3290206-1,1.0,幸福航空有限责任公司,Confirm,2023-07-06 11:39:02,21-5X-36
125578,398908-3,1.0,幸福航空有限责任公司,Confirm,2023-07-06 11:39:02,21-5X-35
125578,398908-3,1.0,幸福航空有限责任公司,Confirm,2023-07-06 11:39:02,21-6X-19
125764,398908-3,1.0,北京飞机维修工程有限公司重庆分公司,Done,2023-07-06 22:04:01,21-5X-35
125764,398908-3,1.0,北京飞机维修工程有限公司重庆分公司,Done,2023-07-06 22:04:01,21-6X-19
126415,824392-1-003,1.0,北京飞机维修工程有限公司大连分公司,Done,2023-07-10 11:34:02,21-3X-01
126429,398908-5,1.0,九元航空有限公司,Done,2023-07-10 13:08:23,21-5X-35
126429,398908-5,1.0,九元航空有限公司,Done,2023-07-10 13:08:23,21-6X-19
126588,398908-5,1.0,苏南瑞丽航空有限公司,Done,2023-07-11 01:42:13,21-5X-35
126588,398908-5,1.0,苏南瑞丽航空有限公司,Done,2023-07-11 01:42:13,21-6X-19
126787,67600014-1,1.0,幸福航空有限责任公司,Confirm,2023-07-12 00:41:24,21-5X-11
126787,67600014-1,1.0,幸福航空有限责任公司,Confirm,2023-07-12 00:41:24,21-5X-40
127033,396608-1,1.0,北京飞机维修工程有限公司重庆分公司,Done,2023-07-13 09:06:00,21-5X-03
129034,2215240-1,1.0,九元航空有限公司,Done,2023-07-23 00:05:30,21-5X-04
129224,1019439-2-001,1.0,北京飞机维修工程有限公司,Done,2023-07-24 10:42:36,21-3X-01
129358,3214972-1,1.0,中国南方航空股份有限公司,Done,2023-07-24 20:04:03,21-6X-18
129869,572756-1,1.0,幸福航空有限责任公司,Confirm,2023-07-26 18:17:53,21-5X-28
130562,396608-1,1.0,九元航空有限公司,Done,2023-07-30 09:49:56,21-5X-03
131789,63396754-2,1.0,山东航空股份有限公司,Done,2023-08-04 18:51:59,21-5X-03
132314,67600014-1,1.0,九元航空有限公司,Confirm,2023-08-07 18:45:16,21-5X-11
132314,67600014-1,1.0,九元航空有限公司,Confirm,2023-08-07 18:45:16,21-5X-40
132358,WL501RC1,1.0,中州航空有限责任公司,Done,2023-08-08 00:12:38,21-3x-07-A
132785,645242-1,1.0,东海航空有限公司,Done,2023-08-10 03:05:20,21-2x-28
133267,3214972-1,1.0,山东航空股份有限公司,Done,2023-08-12 13:43:29,21-6X-18
133323,1019439-2-001,1.0,北京飞机维修工程有限公司重庆分公司,Done,2023-08-12 21:05:39,21-3X-01
133330,3290206-1,1.0,昆明航空有限公司,Done,2023-08-12 21:41:20,21-5X-36
134389,67600014-1,1.0,苏南瑞丽航空有限公司,Done,2023-08-17 13:27:23,21-5X-11
134389,67600014-1,1.0,苏南瑞丽航空有限公司,Done,2023-08-17 13:27:23,21-5X-40
134426,63396754-2,1.0,山东航空股份有限公司,Done,2023-08-17 16:11:12,21-5X-03
134991,398908-5,1.0,苏南瑞丽航空有限公司,Done,2023-08-20 18:44:53,21-5X-35
134991,398908-5,1.0,苏南瑞丽航空有限公司,Done,2023-08-20 18:44:53,21-6X-19
135192,67600014-1,1.0,北京飞机维修工程有限公司重庆分公司,Done,2023-08-21 16:02:31,21-5X-11
135192,67600014-1,1.0,北京飞机维修工程有限公司重庆分公司,Done,2023-08-21 16:02:31,21-5X-40
135807,398908-5,1.0,幸福航空有限责任公司,Done,2023-08-24 08:59:28,21-5X-35
135807,398908-5,1.0,幸福航空有限责任公司,Done,2023-08-24 08:59:28,21-6X-19
136132,622878-2,1.0,昆明航空有限公司,Done,2023-08-25 13:58:56,21-5X-34
136132,622878-2,1.0,昆明航空有限公司,Done,2023-08-25 13:58:56,21-6X-13
136133,3290206-1,1.0,昆明航空有限公司,Done,2023-08-25 13:58:56,21-5X-36
136332,398908-5,1.0,幸福航空有限责任公司,Done,2023-08-26 14:16:43,21-5X-35
136332,398908-5,1.0,幸福航空有限责任公司,Done,2023-08-26 14:16:43,21-6X-19
136817,398908-3,1.0,中原龙浩航空有限公司,Confirm,2023-08-29 07:32:16,21-5X-35
136817,398908-3,1.0,中原龙浩航空有限公司,Confirm,2023-08-29 07:32:16,21-6X-19
136843,67600014-1,1.0,北京飞机维修工程有限公司呼和浩特分公司,Done,2023-08-29 09:50:50,21-5X-11
136843,67600014-1,1.0,北京飞机维修工程有限公司呼和浩特分公司,Done,2023-08-29 09:50:50,21-5X-40
137165,396608-1,1.0,山东航空股份有限公司,Done,2023-08-30 19:17:15,21-5X-03
138581,3214972-1,1.0,幸福航空有限责任公司,Done,2023-09-06 18:47:05,21-6X-18
138582,398908-3,1.0,幸福航空有限责任公司,Done,2023-09-06 18:47:05,21-5X-35
138582,398908-3,1.0,幸福航空有限责任公司,Done,2023-09-06 18:47:05,21-6X-19
138637,624018-1,1.0,深圳航空有限责任公司,Confirm,2023-09-07 08:55:06,21-6X-01
139206,1150250-1,1.0,东方航空技术有限公司,Done,2023-09-09 08:05:06,21-5X-31
141070,67600014-1,1.0,北京飞机维修工程有限公司呼和浩特分公司,Done,2023-09-17 00:29:04,21-5X-11
141070,67600014-1,1.0,北京飞机维修工程有限公司呼和浩特分公司,Done,2023-09-17 00:29:04,21-5X-40
141337,3214972-1,1.0,中国邮政航空有限责任公司,Confirm,2023-09-18 10:19:16,21-6X-18
141351,2214275-1,1.0,幸福航空有限责任公司,Done,2023-09-18 10:49:03,21-5X-26
141404,21230-03AC,1.0,海航航空技术有限公司,Confirm,2023-09-18 13:21:15,21-3x-03
141706,541674-4,1.0,北京飞机维修工程有限公司天津分公司,Done,2023-09-19 13:51:54,21-5X-11
141706,541674-4,1.0,北京飞机维修工程有限公司天津分公司,Done,2023-09-19 13:51:54,21-5X-40
141834,645242-1,1.0,昆明航空有限公司,Done,2023-09-19 17:07:18,21-2x-28
142174,65-52810-64,1.0,中州航空有限责任公司,Done,2023-09-20 22:09:15,21-5X-02
143328,21933-01AD,1.0,九元航空有限公司,Done,2023-09-26 10:45:48,21-3x-02
143389,641121-1,1.0,中国邮政航空有限责任公司,Done,2023-09-26 14:51:48,21-6X-04
144502,398908-5,1.0,中国邮政航空有限责任公司,Done,2023-10-02 01:10:20,21-5X-35
144502,398908-5,1.0,中国邮政航空有限责任公司,Done,2023-10-02 01:10:20,21-6X-19
144670,398908-5,1.0,中国邮政航空有限责任公司,Done,2023-10-02 20:15:07,21-5X-35
144670,398908-5,1.0,中国邮政航空有限责任公司,Done,2023-10-02 20:15:07,21-6X-19
144711,398908-5,1.0,中国邮政航空有限责任公司,Done,2023-10-03 07:51:35,21-5X-35
144711,398908-5,1.0,中国邮政航空有限责任公司,Done,2023-10-03 07:51:35,21-6X-19
145247,67600014-1,1.0,九元航空有限公司,Done,2023-10-06 11:44:20,21-5X-11
145247,67600014-1,1.0,九元航空有限公司,Done,2023-10-06 11:44:20,21-5X-40
145287,67600014-1,1.0,奥凯航空有限公司,Done,2023-10-06 17:40:23,21-5X-11
145287,67600014-1,1.0,奥凯航空有限公司,Done,2023-10-06 17:40:23,21-5X-40
145995,3214972-1,1.0,幸福航空有限责任公司,Done,2023-10-09 16:32:00,21-6X-18
147382,67600014-1,1.0,苏南瑞丽航空有限公司,Confirm,2023-10-14 19:48:07,21-5X-11
147382,67600014-1,1.0,苏南瑞丽航空有限公司,Confirm,2023-10-14 19:48:07,21-5X-40
148985,2215240-1,1.0,东方航空技术有限公司,Done,2023-10-21 17:16:28,21-5X-04
150510,622814-5,1.0,中原龙浩航空有限公司,Confirm,2023-10-28 00:15:31,21-6X-14
150529,398908-3,1.0,幸福航空有限责任公司,Done,2023-10-28 08:14:59,21-5X-35
150529,398908-3,1.0,幸福航空有限责任公司,Done,2023-10-28 08:14:59,21-6X-19
150656,3214972-1,1.0,中州航空有限责任公司,Done,2023-10-28 20:52:53,21-6X-18
151427,398908-3,1.0,中国邮政航空有限责任公司,Done,2023-11-01 10:40:31,21-5X-35
151427,398908-3,1.0,中国邮政航空有限责任公司,Done,2023-11-01 10:40:31,21-6X-19
151565,7121-19971-01AC,1.0,中国邮政航空有限责任公司,Done,2023-11-01 23:29:57,21-3x-02
152330,398908-5,1.0,九元航空有限公司,Done,2023-11-05 22:49:20,21-5X-35
152330,398908-5,1.0,九元航空有限公司,Done,2023-11-05 22:49:20,21-6X-19
152898,67600014-1,1.0,昆明航空有限公司,Confirm,2023-11-08 10:05:56,21-5X-11
152898,67600014-1,1.0,昆明航空有限公司,Confirm,2023-11-08 10:05:56,21-5X-40
153008,51090248-003,1.0,昆明航空有限公司,Done,2023-11-08 15:50:34,21-6X-14
153119,WL501RC1,1.0,中州航空有限责任公司,Done,2023-11-09 08:46:34,21-3x-07-A
153208,541674-4,1.0,北京飞机维修工程有限公司天津分公司,Done,2023-11-09 14:01:11,21-5X-11
153208,541674-4,1.0,北京飞机维修工程有限公司天津分公司,Done,2023-11-09 14:01:11,21-5X-40
153561,541674-4,1.0,北京飞机维修工程有限公司重庆分公司,Done,2023-11-10 18:44:19,21-5X-11
153561,541674-4,1.0,北京飞机维修工程有限公司重庆分公司,Done,2023-11-10 18:44:19,21-5X-40
153567,65-52810-57,1.0,中国邮政航空有限责任公司,Done,2023-11-10 19:23:04,21-5X-02
153850,67600014-1,1.0,北京飞机维修工程有限公司重庆分公司,Done,2023-11-13 01:57:30,21-5X-11
153850,67600014-1,1.0,北京飞机维修工程有限公司重庆分公司,Done,2023-11-13 01:57:30,21-5X-40
154675,21230-10BA,1.0,昆明航空有限公司,Confirm,2023-11-16 11:37:48,21-3x-03
154977,4063-19972-02AB,1.0,中国邮政航空有限责任公司,Done,2023-11-17 14:31:50,21-3x-03
155414,396498-2,1.0,北京飞机维修工程有限公司重庆分公司,Done,2023-11-20 12:01:00,21-5X-03
155603,67600014-1,1.0,北京飞机维修工程有限公司呼和浩特分公司,Done,2023-11-21 09:57:02,21-5X-11
155603,67600014-1,1.0,北京飞机维修工程有限公司呼和浩特分公司,Done,2023-11-21 09:57:02,21-5X-40
157081,67600014-1,1.0,苏南瑞丽航空有限公司,Done,2023-11-27 19:30:51,21-5X-11
157081,67600014-1,1.0,苏南瑞丽航空有限公司,Done,2023-11-27 19:30:51,21-5X-40
159399,398908-3,1.0,中国邮政航空有限责任公司,Done,2023-12-07 14:40:46,21-5X-35
159399,398908-3,1.0,中国邮政航空有限责任公司,Done,2023-12-07 14:40:46,21-6X-19
159459,396498-2,1.0,北京飞机维修工程有限公司重庆分公司,Done,2023-12-07 16:29:36,21-5X-03
160125,69-2914-24,1.0,深圳航空有限责任公司,Confirm,2023-12-11 09:43:35,21-2x-01-A
161496,67600014-1,1.0,东方航空技术有限公司,Done,2023-12-16 23:29:38,21-5X-11
161496,67600014-1,1.0,东方航空技术有限公司,Done,2023-12-16 23:29:38,21-5X-40
162187,21230-10BA,1.0,昆明航空有限公司,Done,2023-12-19 19:48:14,21-3x-03
162489,0123FA,1.0,幸福航空有限责任公司,Done,2023-12-21 10:39:01,21-2x-29
162562,541674-4,1.0,中国国际航空股份有限公司内蒙古分公司,Done,2023-12-21 14:17:14,21-5X-11
162562,541674-4,1.0,中国国际航空股份有限公司内蒙古分公司,Done,2023-12-21 14:17:14,21-5X-40
162738,0123FA2,1.0,幸福航空有限责任公司,Done,2023-12-22 10:24:17,21-2x-29
162943,541674-4,1.0,幸福航空有限责任公司,Done,2023-12-22 18:54:13,21-5X-11
162943,541674-4,1.0,幸福航空有限责任公司,Done,2023-12-22 18:54:13,21-5X-40
163283,0123FA2,1.0,山东航空股份有限公司,Done,2023-12-25 07:58:52,21-2x-29
163850,720737-6,1.0,九元航空有限公司,Done,2023-12-27 11:54:31,21-3x-05
163925,541674-4,1.0,北京飞机维修工程有限公司重庆分公司,Done,2023-12-27 15:57:22,21-5X-11
163925,541674-4,1.0,北京飞机维修工程有限公司重庆分公司,Done,2023-12-27 15:57:22,21-5X-40
165633,541674-4,1.0,北京飞机维修工程有限公司天津分公司,Done,2024-01-04 16:11:32,21-5X-11
165633,541674-4,1.0,北京飞机维修工程有限公司天津分公司,Done,2024-01-04 16:11:32,21-5X-40
165972,4101054,1.0,昆明航空有限公司,Confirm,2024-01-05 22:20:31,21-2x-25
165972,4101054,1.0,昆明航空有限公司,Confirm,2024-01-05 22:20:31,21-2x-24
166587,396608-1,1.0,中国邮政航空有限责任公司,Done,2024-01-09 07:13:52,21-5X-03
167850,0123FA2,1.0,北京飞机维修工程有限公司重庆分公司,Done,2024-01-14 10:54:17,21-2x-29
167877,541674-4,1.0,北京飞机维修工程有限公司重庆分公司,Done,2024-01-14 14:39:33,21-5X-11
167877,541674-4,1.0,北京飞机维修工程有限公司重庆分公司,Done,2024-01-14 14:39:33,21-5X-40
169667,541674-4,1.0,北京飞机维修工程有限公司重庆分公司,Done,2024-01-21 17:06:18,21-5X-11
169667,541674-4,1.0,北京飞机维修工程有限公司重庆分公司,Done,2024-01-21 17:06:18,21-5X-40
169760,541674-4,1.0,山东航空股份有限公司,Done,2024-01-22 09:31:38,21-5X-11
169760,541674-4,1.0,山东航空股份有限公司,Done,2024-01-22 09:31:38,21-5X-40
170249,4063-19972-01AB,1.0,昆明航空有限公司,Done,2024-01-23 22:14:38,21-3x-03
170254,AW2835AB06,1.0,昆明航空有限公司,Done,2024-01-23 22:48:14,21-3x-07-B
171470,67600014-1,1.0,北京飞机维修工程有限公司呼和浩特分公司,Done,2024-01-28 19:22:52,21-5X-11
171470,67600014-1,1.0,北京飞机维修工程有限公司呼和浩特分公司,Done,2024-01-28 19:22:52,21-5X-40
172023,162BL903,1.0,云南祥鹏航空有限责任公司,Done,2024-01-30 17:23:39,21-6X-07
172052,67600014-1,1.0,东方航空技术有限公司,Confirm,2024-01-30 22:36:14,21-5X-11
172052,67600014-1,1.0,东方航空技术有限公司,Confirm,2024-01-30 22:36:14,21-5X-40
173871,396608-1,1.0,九元航空有限公司,Confirm,2024-02-07 11:23:12,21-5X-03
173903,645242-1,1.0,昆明航空有限公司,Done,2024-02-07 13:04:28,21-2x-28
174441,548376-6,1.0,中国邮政航空有限责任公司,Done,2024-02-09 16:59:12,21-6X-14
174541,67600014-1,1.0,北京飞机维修工程有限公司重庆分公司,Done,2024-02-10 20:05:22,21-5X-11
174541,67600014-1,1.0,北京飞机维修工程有限公司重庆分公司,Done,2024-02-10 20:05:22,21-5X-40
174694,67600014-1,1.0,北京飞机维修工程有限公司重庆分公司,Done,2024-02-12 09:15:49,21-5X-11
174694,67600014-1,1.0,北京飞机维修工程有限公司重庆分公司,Done,2024-02-12 09:15:49,21-5X-40
174710,AW2835AB06,1.0,昆明航空有限公司,Done,2024-02-12 10:18:59,21-3x-07-B
176656,7121-19971-01AC,2.0,中原龙浩航空有限公司,Done,2024-02-23 00:29:53,21-3x-02
176663,7121-19971-01AC,1.0,中原龙浩航空有限公司,Done,2024-02-23 03:44:00,21-3x-02
176664,4063-19972-01AB,1.0,中原龙浩航空有限公司,Done,2024-02-23 03:44:00,21-3x-03
176665,7123-19973-03AB,1.0,中原龙浩航空有限公司,Done,2024-02-23 03:44:00,21-3X-01
176948,7121-19971-01AC,1.0,中国邮政航空有限责任公司,Done,2024-02-23 18:37:21,21-3x-02
177197,4063-19972-01AA,1.0,中国邮政航空有限责任公司,Done,2024-02-25 10:16:52,21-3x-03
177601,7123-19973-03AB,1.0,中原龙浩航空有限公司,Done,2024-02-27 02:36:15,21-3X-01
177730,67600014-1,1.0,苏南瑞丽航空有限公司,Done,2024-02-27 13:43:28,21-5X-11
177730,67600014-1,1.0,苏南瑞丽航空有限公司,Done,2024-02-27 13:43:28,21-5X-40
179601,4101054,1.0,苏南瑞丽航空有限公司,Done,2024-03-06 02:50:09,21-2x-25
179601,4101054,1.0,苏南瑞丽航空有限公司,Done,2024-03-06 02:50:09,21-2x-24
180689,3202444-1,2.0,昆明航空有限公司,Done,2024-03-10 15:56:21,21-6X-17
181111,7123-19973-02AC,1.0,中原龙浩航空有限公司,Done,2024-03-12 01:11:27,21-3X-01
182133,3214972-1,1.0,中州航空有限责任公司,Done,2024-03-15 12:46:57,21-6X-18
182196,624018-1,1.0,中州航空有限责任公司,Done,2024-03-15 15:13:14,21-6X-01
182329,4101054,1.0,苏南瑞丽航空有限公司,Done,2024-03-16 07:41:09,21-2x-25
182329,4101054,1.0,苏南瑞丽航空有限公司,Done,2024-03-16 07:41:09,21-2x-24
182695,1019439-2-001,1.0,山东航空股份有限公司,Done,2024-03-18 10:55:11,21-3X-01
183217,4063-19972-01AA,1.0,中国邮政航空有限责任公司,Confirm,2024-03-19 21:34:00,21-3x-03
184245,645242-1,1.0,苏南瑞丽航空有限公司,Done,2024-03-24 02:10:53,21-2x-28
184553,541674-4,1.0,山东航空股份有限公司,Done,2024-03-25 14:22:17,21-5X-11
184553,541674-4,1.0,山东航空股份有限公司,Done,2024-03-25 14:22:17,21-5X-40
185063,398908-3,1.0,苏南瑞丽航空有限公司,Done,2024-03-27 16:00:27,21-5X-35
185063,398908-3,1.0,苏南瑞丽航空有限公司,Done,2024-03-27 16:00:27,21-6X-19
185548,398908-5,1.0,江苏京东货运航空有限公司,Done,2024-03-29 10:52:58,21-5X-35
185548,398908-5,1.0,江苏京东货运航空有限公司,Done,2024-03-29 10:52:58,21-6X-19
187996,398908-5,1.0,幸福航空有限责任公司,Done,2024-04-09 09:44:22,21-5X-35
187996,398908-5,1.0,幸福航空有限责任公司,Done,2024-04-09 09:44:22,21-6X-19
190222,541674-4,1.0,山东航空股份有限公司,Done,2024-04-17 18:16:34,21-5X-11
190222,541674-4,1.0,山东航空股份有限公司,Done,2024-04-17 18:16:34,21-5X-40
191901,622814-5,1.0,金鹏航空股份有限公司,Done,2024-04-24 19:19:32,21-6X-14
192057,3202444-1,1.0,金鹏航空股份有限公司,Done,2024-04-25 11:08:06,21-6X-17
192661,67600014-1,1.0,苏南瑞丽航空有限公司,Done,2024-04-28 01:53:39,21-5X-11
192661,67600014-1,1.0,苏南瑞丽航空有限公司,Done,2024-04-28 01:53:39,21-5X-40
193620,398908-5,1.0,东海航空有限公司,Done,2024-05-01 20:00:05,21-5X-35
193620,398908-5,1.0,东海航空有限公司,Done,2024-05-01 20:00:05,21-6X-19
193993,3202444-1,1.0,东方航空技术有限公司,Done,2024-05-03 21:50:28,21-6X-17
194069,622814-5,1.0,中国邮政航空有限责任公司,Done,2024-05-04 09:58:24,21-6X-14
194217,398908-3,1.0,苏南瑞丽航空有限公司,Done,2024-05-05 08:20:05,21-5X-35
194217,398908-3,1.0,苏南瑞丽航空有限公司,Done,2024-05-05 08:20:05,21-6X-19
194431,67600014-1,1.0,苏南瑞丽航空有限公司,Done,2024-05-06 09:44:21,21-5X-11
194431,67600014-1,1.0,苏南瑞丽航空有限公司,Done,2024-05-06 09:44:21,21-5X-40
195757,WL501RC1,1.0,中州航空有限责任公司,Done,2024-05-10 11:32:47,21-3x-07-A
196088,2215280-1,1.0,东方航空技术有限公司,Done,2024-05-11 15:37:27,21-5X-04
199420,645242-1,1.0,北京飞机维修工程有限公司重庆分公司,Done,2024-05-23 14:57:58,21-2x-28
199494,396608-1,1.0,东海航空有限公司,Confirm,2024-05-23 16:46:49,21-5X-03
199851,63396754-1,1.0,幸福航空有限责任公司,Done,2024-05-24 18:16:35,21-5X-03
199974,67600014-1,1.0,深圳航空有限责任公司,Done,2024-05-25 12:35:46,21-5X-11
199974,67600014-1,1.0,深圳航空有限责任公司,Done,2024-05-25 12:35:46,21-5X-40
200495,63396754-2,1.0,幸福航空有限责任公司,Done,2024-05-27 18:31:40,21-5X-03
200938,398908-3,1.0,幸福航空有限责任公司,Done,2024-05-29 10:22:38,21-5X-35
200938,398908-3,1.0,幸福航空有限责任公司,Done,2024-05-29 10:22:38,21-6X-19
201162,398908-5,1.0,昆明航空有限公司,Done,2024-05-30 01:02:04,21-5X-35
201162,398908-5,1.0,昆明航空有限公司,Done,2024-05-30 01:02:04,21-6X-19
201376,398908-5,1.0,昆明航空有限公司,Done,2024-05-30 17:03:38,21-5X-35
201376,398908-5,1.0,昆明航空有限公司,Done,2024-05-30 17:03:38,21-6X-19
201599,398908-6,1.0,苏南瑞丽航空有限公司,Done,2024-05-31 14:26:01,21-6X-19
201599,398908-6,1.0,苏南瑞丽航空有限公司,Done,2024-05-31 14:26:01,21-5X-35
201656,541674-4,1.0,山东航空股份有限公司,Done,2024-05-31 16:29:01,21-5X-11
201656,541674-4,1.0,山东航空股份有限公司,Done,2024-05-31 16:29:01,21-5X-40
201906,398908-5,1.0,东海航空有限公司,Done,2024-06-02 00:48:08,21-5X-35
201906,398908-5,1.0,东海航空有限公司,Done,2024-06-02 00:48:08,21-6X-19
202371,51090248-003,1.0,昆明航空有限公司,Confirm,2024-06-03 22:26:20,21-6X-14
202944,398908-5,1.0,幸福航空有限责任公司,Done,2024-06-05 15:30:19,21-5X-35
202944,398908-5,1.0,幸福航空有限责任公司,Done,2024-06-05 15:30:19,21-6X-19
203126,541674-4,1.0,山东航空股份有限公司,Done,2024-06-06 10:04:46,21-5X-11
203126,541674-4,1.0,山东航空股份有限公司,Done,2024-06-06 10:04:46,21-5X-40
204533,541674-4,1.0,山东航空股份有限公司,Done,2024-06-11 19:38:26,21-5X-11
204533,541674-4,1.0,山东航空股份有限公司,Done,2024-06-11 19:38:26,21-5X-40
204540,21933-01AC,1.0,山东航空股份有限公司,Done,2024-06-11 20:18:55,21-3x-02
204726,398908-5,1.0,昆明航空有限公司,Confirm,2024-06-12 11:17:47,21-5X-35
204726,398908-5,1.0,昆明航空有限公司,Confirm,2024-06-12 11:17:47,21-6X-19
205946,396608-1,1.0,东方航空技术有限公司,Done,2024-06-17 09:21:21,21-5X-03
207623,1153222-2,1.0,顺丰航空有限公司,Done,2024-06-22 09:13:29,21-5X-32
207759,398908-3,1.0,山东航空股份有限公司,Done,2024-06-22 22:03:45,21-5X-35
207759,398908-3,1.0,山东航空股份有限公司,Done,2024-06-22 22:03:45,21-6X-19
208117,645242-1,1.0,昆明航空有限公司,Done,2024-06-24 10:35:13,21-2x-28
209058,541674-4,1.0,北京飞机维修工程有限公司天津分公司,Done,2024-06-27 10:19:26,21-5X-11
209058,541674-4,1.0,北京飞机维修工程有限公司天津分公司,Done,2024-06-27 10:19:26,21-5X-40
209387,2215240-1,1.0,九元航空有限公司,Done,2024-06-28 10:01:27,21-5X-04
211447,396608-1,1.0,山东航空股份有限公司,Done,2024-07-05 18:58:02,21-5X-03
211645,2215240-1,1.0,中国邮政航空有限责任公司,Done,2024-07-06 18:56:26,21-5X-04
212076,398908-3,1.0,山东航空股份有限公司,Done,2024-07-08 17:37:07,21-5X-35
212076,398908-3,1.0,山东航空股份有限公司,Done,2024-07-08 17:37:07,21-6X-19
212085,67600014-1,1.0,山东航空股份有限公司,Done,2024-07-08 19:13:40,21-5X-11
212085,67600014-1,1.0,山东航空股份有限公司,Done,2024-07-08 19:13:40,21-5X-40
212963,0123FA2,1.0,九元航空有限公司,Done,2024-07-11 19:26:37,21-2x-29
213182,67600014-1,1.0,昆明航空有限公司,Done,2024-07-12 16:56:59,21-5X-11
213182,67600014-1,1.0,昆明航空有限公司,Done,2024-07-12 16:56:59,21-5X-40
213216,645242-1,1.0,中国南方航空股份有限公司,Done,2024-07-12 19:34:51,21-2x-28
213415,67600014-1,1.0,昆明航空有限公司,Done,2024-07-13 19:35:10,21-5X-11
213415,67600014-1,1.0,昆明航空有限公司,Done,2024-07-13 19:35:10,21-5X-40
213596,67600014-1,1.0,昆明航空有限公司,Done,2024-07-14 20:55:38,21-5X-11
213596,67600014-1,1.0,昆明航空有限公司,Done,2024-07-14 20:55:38,21-5X-40
215076,21933-01AD,1.0,深圳航空有限责任公司,Done,2024-07-20 10:31:38,21-3x-02
215410,398908-3,1.0,深圳航空有限责任公司,Done,2024-07-21 21:49:00,21-5X-35
215410,398908-3,1.0,深圳航空有限责任公司,Done,2024-07-21 21:49:00,21-6X-19
216246,398116-1-1,1.0,东方航空,Done,2024-07-24 21:45:45,21-6X-22
216420,20798-01,1.0,中原龙浩航空有限公司,Done,2024-07-25 13:57:51,21-2x-27
216421,4063-19972-01AB,1.0,中原龙浩航空有限公司,Confirm,2024-07-25 13:57:51,21-3x-03
216763,398908-5,1.0,山东航空股份有限公司,Done,2024-07-26 18:33:04,21-5X-35
216763,398908-5,1.0,山东航空股份有限公司,Done,2024-07-26 18:33:04,21-6X-19
216801,622878-2,1.0,昆明航空有限公司,Confirm,2024-07-26 23:42:07,21-5X-34
216801,622878-2,1.0,昆明航空有限公司,Confirm,2024-07-26 23:42:07,21-6X-13
217095,3290206-1,1.0,山东航空股份有限公司,Done,2024-07-29 07:38:52,21-5X-36
217283,622814-5,1.0,金鹏航空股份有限公司,Done,2024-07-29 18:55:58,21-6X-14
217895,3214972-1,1.0,山东航空股份有限公司,Done,2024-08-01 09:49:30,21-6X-18
218141,824392-2-003,1.0,北京飞机维修工程有限公司大连分公司,Done,2024-08-02 07:33:22,21-3X-01
218222,21230-10BA,1.0,山东航空股份有限公司,Confirm,2024-08-02 12:06:10,21-3x-03
218442,3214972-1,1.0,山东航空股份有限公司,Done,2024-08-03 14:23:36,21-6X-18
218516,396608-1,1.0,厦门航空有限公司,Done,2024-08-03 22:18:44,21-5X-03
218546,396608-1,1.0,厦门航空有限公司,Done,2024-08-04 06:10:53,21-5X-03
218634,398908-3,1.0,北京飞机维修工程有限公司重庆分公司,Done,2024-08-04 14:22:38,21-5X-35
218634,398908-3,1.0,北京飞机维修工程有限公司重庆分公司,Done,2024-08-04 14:22:38,21-6X-19
218638,398908-3,1.0,山东航空股份有限公司,Done,2024-08-04 14:40:37,21-5X-35
218638,398908-3,1.0,山东航空股份有限公司,Done,2024-08-04 14:40:37,21-6X-19
218877,3290206-1,1.0,深圳航空有限责任公司,Confirm,2024-08-05 14:07:14,21-5X-36
220051,398908-3,1.0,昆明航空有限公司,Done,2024-08-10 10:04:21,21-5X-35
220051,398908-3,1.0,昆明航空有限公司,Done,2024-08-10 10:04:21,21-6X-19
220923,396608-1,1.0,东海航空有限公司,Done,2024-08-14 10:35:34,21-5X-03
221184,65-52810-57,1.0,中国邮政航空有限责任公司,Done,2024-08-15 00:41:14,21-5X-02
221397,67600014-1,1.0,昆明航空有限公司,Done,2024-08-15 21:24:56,21-5X-11
221397,67600014-1,1.0,昆明航空有限公司,Done,2024-08-15 21:24:56,21-5X-40
222415,21933-01AD,1.0,河北航空有限公司,Done,2024-08-20 12:56:56,21-3x-02
223518,398908-5,1.0,昆明航空有限公司,Done,2024-08-24 21:57:16,21-5X-35
223518,398908-5,1.0,昆明航空有限公司,Done,2024-08-24 21:57:16,21-6X-19
223676,21230-02AC,1.0,山东航空股份有限公司,Done,2024-08-25 19:09:45,21-3x-03
223816,7121-19971-01AC,1.0,山东航空股份有限公司,Done,2024-08-26 12:45:49,21-3x-02
223981,398908-5,1.0,昆明航空有限公司,Done,2024-08-26 23:27:52,21-5X-35
223981,398908-5,1.0,昆明航空有限公司,Done,2024-08-26 23:27:52,21-6X-19
224173,4063-19972-01AA,1.0,山东航空股份有限公司,Done,2024-08-27 18:11:15,21-3x-03
225643,398908-3,1.0,中州航空有限责任公司,Done,2024-09-03 05:33:28,21-5X-35
225643,398908-3,1.0,中州航空有限责任公司,Done,2024-09-03 05:33:28,21-6X-19
227528,398908-5,1.0,苏南瑞丽航空有限公司,Confirm,2024-09-10 10:00:40,21-5X-35
227528,398908-5,1.0,苏南瑞丽航空有限公司,Confirm,2024-09-10 10:00:40,21-6X-19
227742,398908-5,1.0,昆明航空有限公司,Done,2024-09-11 04:19:31,21-5X-35
227742,398908-5,1.0,昆明航空有限公司,Done,2024-09-11 04:19:31,21-6X-19
230234,1019439-2-001,1.0,虚拟客户,Done,2024-09-20 17:17:05,21-3X-01
230387,641172-1,1.0,昆明航空有限公司,Done,2024-09-21 16:51:56,21-5X-30
230842,65-52810-64,1.0,九元航空有限公司,Done,2024-09-23 19:38:44,21-5X-02
231856,63396754-2,1.0,幸福航空有限责任公司,Done,2024-09-28 00:02:24,21-5X-03
232514,398116-1-1,1.0,北京飞机维修工程有限公司重庆分公司,Done,2024-10-01 14:54:31,21-6X-22
232542,1019439-1-001,1.0,山东航空股份有限公司,Done,2024-10-01 16:31:14,21-3X-01
233525,65-52810-64,1.0,深圳航空有限责任公司,Done,2024-10-06 22:54:43,21-5X-02
233864,398908-3,1.0,幸福航空有限责任公司,Done,2024-10-08 14:25:30,21-5X-35
233864,398908-3,1.0,幸福航空有限责任公司,Done,2024-10-08 14:25:30,21-6X-19
233892,398908-3,1.0,幸福航空有限责任公司,Done,2024-10-08 15:19:18,21-5X-35
233892,398908-3,1.0,幸福航空有限责任公司,Done,2024-10-08 15:19:18,21-6X-19
234595,21933-01AD,1.0,东海航空有限公司,Done,2024-10-11 08:52:04,21-3x-02
236611,398908-5,1.0,昆明航空有限公司,Confirm,2024-10-18 10:49:41,21-5X-35
236611,398908-5,1.0,昆明航空有限公司,Confirm,2024-10-18 10:49:41,21-6X-19
236840,65-52810-64,1.0,昆明航空有限公司,Done,2024-10-19 09:38:46,21-5X-02
237495,398908-5,1.0,中国邮政航空有限责任公司,Done,2024-10-22 09:49:30,21-5X-35
237495,398908-5,1.0,中国邮政航空有限责任公司,Done,2024-10-22 09:49:30,21-6X-19
238273,4063-19972-02AB,1.0,中国邮政航空有限责任公司,Done,2024-10-25 00:31:52,21-3x-03
241716,AW2835AB06,1.0,中原龙浩航空有限公司,Done,2024-11-07 17:41:50,21-3x-07-B
242004,2215240-1,1.0,昆明航空有限公司,Done,2024-11-09 01:00:24,21-5X-04
243008,21933-01AD,1.0,中国邮政航空有限责任公司,Confirm,2024-11-13 13:56:16,21-3x-02
243054,67600014-1,1.0,苏南瑞丽航空有限公司,Confirm,2024-11-13 15:10:42,21-5X-11
243054,67600014-1,1.0,苏南瑞丽航空有限公司,Confirm,2024-11-13 15:10:42,21-5X-40
244109,67600014-1,1.0,厦门航空有限公司,Done,2024-11-18 12:55:46,21-5X-11
244109,67600014-1,1.0,厦门航空有限公司,Done,2024-11-18 12:55:46,21-5X-40
244380,7121-19971-01AC,1.0,东海航空有限公司,Confirm,2024-11-19 14:20:45,21-3x-02
244464,396608-1,1.0,山东航空股份有限公司,Done,2024-11-19 17:22:45,21-5X-03
245388,541674-4,1.0,北京飞机维修工程有限公司呼和浩特分公司,Done,2024-11-23 17:52:58,21-5X-11
245388,541674-4,1.0,北京飞机维修工程有限公司呼和浩特分公司,Done,2024-11-23 17:52:58,21-5X-40
246435,51090160-1,1.0,苏南瑞丽航空有限公司,Done,2024-11-28 02:48:11,21-6X-14
247327,396608-1,1.0,山东航空股份有限公司,Done,2024-12-02 09:18:41,21-5X-03
247552,396608-1,1.0,北京飞机维修工程有限公司重庆分公司,Done,2024-12-02 22:06:52,21-5X-03
248301,645242-1,1.0,昆明航空有限公司,Done,2024-12-05 11:34:37,21-2x-28
248465,67600014-1,1.0,北京飞机维修工程有限公司天津分公司,Done,2024-12-05 18:16:58,21-5X-11
248465,67600014-1,1.0,北京飞机维修工程有限公司天津分公司,Done,2024-12-05 18:16:58,21-5X-40
249901,63396754-2,1.0,幸福航空有限责任公司,Done,2024-12-11 10:14:32,21-5X-03
251504,396608-1,1.0,东海航空有限公司,Confirm,2024-12-17 10:18:10,21-5X-03
252102,65-52810-64,1.0,苏南瑞丽航空有限公司,Done,2024-12-19 08:59:57,21-5X-02
252329,67600014-1,1.0,北京飞机维修工程有限公司重庆分公司,Done,2024-12-19 18:45:27,21-5X-11
252329,67600014-1,1.0,北京飞机维修工程有限公司重庆分公司,Done,2024-12-19 18:45:27,21-5X-40
255671,645405-2,1.0,东海航空有限公司,Confirm,2024-12-31 14:45:37,21-2x-16
255772,3290206-1,1.0,昆明航空有限公司,Done,2024-12-31 21:51:01,21-5X-36
256085,396608-1,1.0,东海航空有限公司,Done,2025-01-02 11:17:55,21-5X-03
256641,396608-1,1.0,厦门航空有限公司,Confirm,2025-01-03 19:16:42,21-5X-03
257094,645405-2,1.0,东方航空技术有限公司,Done,2025-01-06 01:07:27,21-2x-16
261555,67600014-1,1.0,北京飞机维修工程有限公司天津分公司,Done,2025-01-18 13:22:51,21-5X-11
261555,67600014-1,1.0,北京飞机维修工程有限公司天津分公司,Done,2025-01-18 13:22:51,21-5X-40
262744,67600014-1,1.0,河北航空有限公司,Done,2025-01-22 21:13:56,21-5X-11
262744,67600014-1,1.0,河北航空有限公司,Done,2025-01-22 21:13:56,21-5X-40
263406,7121-19971-01AC,1.0,金鹏航空有限责任公司,Done,2025-01-25 22:42:00,21-3x-02
263560,572756-1,1.0,中州航空有限责任公司,Confirm,2025-01-26 13:12:29,21-5X-28
264167,AW2835AB06,1.0,福州航空有限责任公司,Done,2025-01-29 10:22:00,21-3x-07-B
265299,398908-5,1.0,昆明航空有限公司,Done,2025-02-04 22:12:37,21-5X-35
265299,398908-5,1.0,昆明航空有限公司,Done,2025-02-04 22:12:37,21-6X-19
268010,398908-3,1.0,金鹏航空有限责任公司,Done,2025-02-15 17:00:19,21-5X-35
268010,398908-3,1.0,金鹏航空有限责任公司,Done,2025-02-15 17:00:19,21-6X-19
270533,3290206-1,1.0,昆明航空有限公司,Done,2025-02-25 01:30:41,21-5X-36
270543,63396754-2,1.0,昆明航空有限公司,Done,2025-02-25 04:12:02,21-5X-03
272316,3202444-1,1.0,江苏京东货运航空有限公司,Done,2025-03-03 02:37:10,21-6X-17
273345,67600014-1,2.0,东方航空,Done,2025-03-05 14:49:04,21-5X-11
273345,67600014-1,2.0,东方航空,Done,2025-03-05 14:49:04,21-5X-40
276062,396608-1,1.0,中原龙浩航空有限公司,Done,2025-03-13 12:39:16,21-5X-03
277385,65-52810-64,1.0,九元航空有限公司,Confirm,2025-03-18 11:49:17,21-5X-02
280755,398908-5,1.0,昆明航空有限公司,Done,2025-03-28 19:28:41,21-5X-35
280755,398908-5,1.0,昆明航空有限公司,Done,2025-03-28 19:28:41,21-6X-19
281445,398908-5,1.0,昆明航空有限公司,Done,2025-03-31 18:12:02,21-5X-35
281445,398908-5,1.0,昆明航空有限公司,Done,2025-03-31 18:12:02,21-6X-19
282645,398908-5,1.0,昆明航空有限公司,Done,2025-04-04 16:37:54,21-5X-35
282645,398908-5,1.0,昆明航空有限公司,Done,2025-04-04 16:37:54,21-6X-19
284565,398908-6,1.0,苏南瑞丽航空有限公司,Done,2025-04-11 13:56:47,21-6X-19
284565,398908-6,1.0,苏南瑞丽航空有限公司,Done,2025-04-11 13:56:47,21-5X-35
284627,622878-2,1.0,海航航空技术有限公司,Done,2025-04-11 16:11:47,21-5X-34
284627,622878-2,1.0,海航航空技术有限公司,Done,2025-04-11 16:11:47,21-6X-13
284695,622878-2,1.0,海航航空技术有限公司,Done,2025-04-11 18:22:05,21-5X-34
284695,622878-2,1.0,海航航空技术有限公司,Done,2025-04-11 18:22:05,21-6X-13
284757,622878-2,1.0,海航航空技术有限公司,Done,2025-04-12 08:40:29,21-5X-34
284757,622878-2,1.0,海航航空技术有限公司,Done,2025-04-12 08:40:29,21-6X-13
285059,67600014-1,1.0,苏南瑞丽航空有限公司,Done,2025-04-13 14:43:38,21-5X-11
285059,67600014-1,1.0,苏南瑞丽航空有限公司,Done,2025-04-13 14:43:38,21-5X-40
285478,67600014-1,1.0,苏南瑞丽航空有限公司,Done,2025-04-14 17:44:26,21-5X-11
285478,67600014-1,1.0,苏南瑞丽航空有限公司,Done,2025-04-14 17:44:26,21-5X-40
285551,63396754-2,1.0,北京飞机维修工程有限公司呼和浩特分公司,Done,2025-04-15 08:02:25,21-5X-03
286694,398908-5,1.0,昆明航空有限公司,Done,2025-04-17 19:50:29,21-5X-35
286694,398908-5,1.0,昆明航空有限公司,Done,2025-04-17 19:50:29,21-6X-19
287143,7121-19971-01AC,1.0,中国邮政航空有限责任公司,Done,2025-04-19 10:41:46,21-3x-02
287466,4101054,2.0,虚拟客户,Done,2025-04-21 09:50:02,21-2x-25
287466,4101054,2.0,虚拟客户,Done,2025-04-21 09:50:02,21-2x-24
291254,398908-5,1.0,昆明航空有限公司,Done,2025-05-04 11:16:34,21-5X-35
291254,398908-5,1.0,昆明航空有限公司,Done,2025-05-04 11:16:34,21-6X-19
292539,20798-01,1.0,中国邮政航空有限责任公司,Done,2025-05-08 11:15:45,21-2x-27
292616,65-52810-57,1.0,天津货运航空有限公司,Done,2025-05-08 13:41:29,21-5X-02
293385,1153222-2,1.0,中州航空有限责任公司,Done,2025-05-11 07:56:00,21-5X-32
295900,21933-01AD,1.0,昆明航空有限公司,Confirm,2025-05-19 10:23:35,21-3x-02
297072,572756-1,2.0,北京飞机维修工程有限公司呼和浩特分公司,Done,2025-05-22 15:06:57,21-5X-28
297484,63396754-2,1.0,幸福航空有限责任公司,Done,2025-05-23 17:30:14,21-5X-03
300097,398908-5,1.0,苏南瑞丽航空有限公司,Done,2025-06-02 00:17:16,21-5X-35
300097,398908-5,1.0,苏南瑞丽航空有限公司,Done,2025-06-02 00:17:16,21-6X-19
301723,398908-5,1.0,苏南瑞丽航空有限公司,Done,2025-06-06 13:27:23,21-5X-35
301723,398908-5,1.0,苏南瑞丽航空有限公司,Done,2025-06-06 13:27:23,21-6X-19
301724,622878-2,1.0,苏南瑞丽航空有限公司,Done,2025-06-06 13:27:23,21-5X-34
301724,622878-2,1.0,苏南瑞丽航空有限公司,Done,2025-06-06 13:27:23,21-6X-13
304673,3290206-1,1.0,昆明航空有限公司,Done,2025-06-15 15:25:34,21-5X-36
308094,645242-1,2.0,昆明航空有限公司,Done,2025-06-26 13:13:32,21-2x-28
312677,396608-1,1.0,九元航空有限公司,Done,2025-07-13 08:38:55,21-5X-03
313784,3214972-1,1.0,中州航空有限责任公司,Done,2025-07-16 21:24:10,21-6X-18
314455,398908-5,1.0,北京飞机维修工程有限公司重庆分公司,Done,2025-07-19 15:34:53,21-5X-35
314455,398908-5,1.0,北京飞机维修工程有限公司重庆分公司,Done,2025-07-19 15:34:53,21-6X-19
315488,398908-5,1.0,中国航空器材有限责任公司,Done,2025-07-23 12:03:12,21-5X-35
315488,398908-5,1.0,中国航空器材有限责任公司,Done,2025-07-23 12:03:12,21-6X-19
316322,624018-1,1.0,苏南瑞丽航空有限公司,Done,2025-07-26 14:20:12,21-6X-01
316861,398908-5,1.0,中国国际航空股份有限公司,Done,2025-07-28 14:45:56,21-5X-35
316861,398908-5,1.0,中国国际航空股份有限公司,Done,2025-07-28 14:45:56,21-6X-19
317321,645242-1,1.0,昆明航空有限公司,Done,2025-07-30 11:12:05,21-2x-28
318110,398908-5,1.0,中国国际航空股份有限公司内蒙古分公司,Done,2025-08-01 21:06:52,21-5X-35
318110,398908-5,1.0,中国国际航空股份有限公司内蒙古分公司,Done,2025-08-01 21:06:52,21-6X-19
318677,398908-3,1.0,江苏京东货运航空有限公司,Done,2025-08-04 17:29:32,21-5X-35
318677,398908-3,1.0,江苏京东货运航空有限公司,Done,2025-08-04 17:29:32,21-6X-19
318711,396608-1,1.0,江苏京东货运航空有限公司,Done,2025-08-05 01:06:47,21-5X-03
319053,572757-1,1.0,中国邮政航空有限责任公司,Done,2025-08-06 11:09:57,21-5X-29
319477,541674-4,1.0,中国邮政航空有限责任公司,Done,2025-08-07 20:26:26,21-5X-11
319477,541674-4,1.0,中国邮政航空有限责任公司,Done,2025-08-07 20:26:26,21-5X-40
321559,0123FA2,1.0,金鹏航空有限责任公司,Done,2025-08-16 09:16:10,21-2x-29
321625,67600014-1,1.0,北京飞机维修工程有限公司天津分公司,Done,2025-08-16 15:31:57,21-5X-11
321625,67600014-1,1.0,北京飞机维修工程有限公司天津分公司,Done,2025-08-16 15:31:57,21-5X-40
322979,AW2835AB06,1.0,昆明航空有限公司,Done,2025-08-21 10:23:49,21-3x-07-B
322990,69-37334-312,1.0,昆明航空有限公司,Confirm,2025-08-21 10:44:00,21-3x-07
323261,3214972-1,1.0,东方航空,Done,2025-08-22 10:12:59,21-6X-18
323640,51090160-1,1.0,昆明航空有限公司,Done,2025-08-23 16:56:33,21-6X-14
323751,21933-01AD,1.0,金鹏航空有限责任公司,Done,2025-08-24 10:23:42,21-3x-02
323757,7121-19971-01AC,1.0,金鹏航空有限责任公司,Done,2025-08-24 10:52:45,21-3x-02
323789,21230-10BA,1.0,金鹏航空有限责任公司,Done,2025-08-24 13:42:05,21-3x-03
323882,3214972-1,1.0,苏南瑞丽航空有限公司,Done,2025-08-25 02:37:09,21-6X-18
324944,396608-1,1.0,中国航空器材有限责任公司,Done,2025-08-28 10:56:55,21-5X-03
325121,67600014-1,1.0,昆明航空有限公司,Done,2025-08-28 20:16:19,21-5X-11
325121,67600014-1,1.0,昆明航空有限公司,Done,2025-08-28 20:16:19,21-5X-40
325143,1150002-1,1.0,昆明航空有限公司,Done,2025-08-29 00:31:05,21-5X-13
325357,3214972-1,1.0,东方航空,Done,2025-08-29 18:15:13,21-6X-18
326682,67600014-1,1.0,苏南瑞丽航空有限公司,Done,2025-09-04 12:43:06,21-5X-11
326682,67600014-1,1.0,苏南瑞丽航空有限公司,Done,2025-09-04 12:43:06,21-5X-40
327213,21230-12BB,1.0,苏南瑞丽航空有限公司,Done,2025-09-05 22:11:53,21-3x-03
327236,21933-01AA,1.0,苏南瑞丽航空有限公司,Done,2025-09-05 23:06:44,21-3x-02
327535,1019439-1-001,1.0,奥凯航空有限公司天津分公司,Done,2025-09-07 15:13:22,21-3X-01
328415,21933-01AD,1.0,苏南瑞丽航空有限公司,Confirm,2025-09-10 10:33:33,21-3x-02
328504,398908-5,1.0,昆明航空有限公司,Done,2025-09-10 13:32:57,21-5X-35
328504,398908-5,1.0,昆明航空有限公司,Done,2025-09-10 13:32:57,21-6X-19
329288,21933-01AA,1.0,苏南瑞丽航空有限公司,Done,2025-09-12 14:50:33,21-3x-02
329991,2215240-1,1.0,苏南瑞丽航空有限公司,Done,2025-09-15 13:21:03,21-5X-04
331596,21230-10BA,1.0,金鹏航空有限责任公司,Confirm,2025-09-19 16:50:11,21-3x-03
332028,3214972-1,1.0,东海航空有限公司,Done,2025-09-21 15:46:03,21-6X-18
332853,4101054,1.0,中国邮政航空有限责任公司,Done,2025-09-23 17:26:37,21-2x-25
332853,4101054,1.0,中国邮政航空有限责任公司,Done,2025-09-23 17:26:37,21-2x-24
334449,624018-1,1.0,金鹏航空有限责任公司,Done,2025-09-28 21:14:19,21-6X-01
335763,824392-2-003,1.0,中国邮政航空有限责任公司,Confirm,2025-10-03 17:18:12,21-3X-01
335830,824392-1-003,1.0,中国邮政航空有限责任公司,Done,2025-10-04 00:34:14,21-3X-01
336443,398908-5,1.0,昆明航空有限公司,Done,2025-10-07 01:58:39,21-5X-35
336443,398908-5,1.0,昆明航空有限公司,Done,2025-10-07 01:58:39,21-6X-19
336714,2214275-1,1.0,昆明航空有限公司,Done,2025-10-08 11:10:35,21-5X-26
338351,572757-1,1.0,虚拟客户,Done,2025-10-13 13:53:14,21-5X-29
339006,3214972-1,1.0,东方航空,Done,2025-10-15 09:40:09,21-6X-18
339383,3290206-1,1.0,山东航空股份有限公司,Done,2025-10-15 22:18:01,21-5X-36
340747,645242-1,1.0,东海航空有限公司,Done,2025-10-20 10:08:11,21-2x-28
340750,65-52810-64,1.0,东海航空有限公司,Done,2025-10-20 10:08:11,21-5X-02
341921,645242-1,1.0,东海航空有限公司,Done,2025-10-23 02:06:44,21-2x-28
344029,641172-1,1.0,东方航空,Done,2025-10-29 15:26:27,21-5X-30
346335,398908-5,1.0,昆明航空有限公司,Done,2025-11-06 09:27:11,21-5X-35
346335,398908-5,1.0,昆明航空有限公司,Done,2025-11-06 09:27:11,21-6X-19
346672,65-52810-64,1.0,河北航空有限公司,Done,2025-11-07 01:29:41,21-5X-02
352464,398908-5,1.0,昆明航空有限公司,Done,2025-11-25 13:44:24,21-5X-35
352464,398908-5,1.0,昆明航空有限公司,Done,2025-11-25 13:44:24,21-6X-19
352548,7123-19973-02AB,1.0,中国邮政航空有限责任公司,Done,2025-11-25 15:47:01,21-3X-01
352927,398908-5,1.0,昆明航空有限公司,Done,2025-11-26 16:13:11,21-5X-35
352927,398908-5,1.0,昆明航空有限公司,Done,2025-11-26 16:13:11,21-6X-19
355100,398908-5,1.0,中国航空器材有限责任公司,Done,2025-12-03 09:31:00,21-5X-35
355100,398908-5,1.0,中国航空器材有限责任公司,Done,2025-12-03 09:31:00,21-6X-19
358737,396608-1,1.0,东方航空,Done,2025-12-13 09:48:30,21-5X-03
360250,WL501RC1,1.0,中州航空有限责任公司,Done,2025-12-17 14:20:17,21-3x-07-A
363430,398908-3,1.0,中国邮政航空有限责任公司,Done,2025-12-27 07:29:31,21-5X-35
363430,398908-3,1.0,中国邮政航空有限责任公司,Done,2025-12-27 07:29:31,21-6X-19
370781,321942-1-1,1.0,北京飞机维修工程有限公司天津分公司,Done,2026-01-16 13:59:37,21-5X-16
373681,0123FA2,1.0,九元航空有限公司,Confirm,2026-01-23 22:38:38,21-2x-29
374051,67600014-1,1.0,山东航空股份有限公司,Done,2026-01-25 13:41:22,21-5X-11
374051,67600014-1,1.0,山东航空股份有限公司,Done,2026-01-25 13:41:22,21-5X-40
375850,67600014-1,1.0,奥凯航空有限公司天津分公司,Confirm,2026-01-30 20:26:42,21-5X-11
375850,67600014-1,1.0,奥凯航空有限公司天津分公司,Confirm,2026-01-30 20:26:42,21-5X-40
376097,398908-5,1.0,北京飞机维修工程有限公司天津分公司,Done,2026-02-01 02:32:35,21-5X-35
376097,398908-5,1.0,北京飞机维修工程有限公司天津分公司,Done,2026-02-01 02:32:35,21-6X-19
377296,2215280-1,1.0,苏南瑞丽航空有限公司,Done,2026-02-05 09:23:22,21-5X-04
377299,398908-5,1.0,昆明航空有限公司,Done,2026-02-05 09:30:04,21-5X-35
377299,398908-5,1.0,昆明航空有限公司,Done,2026-02-05 09:30:04,21-6X-19
377733,2215280-1,1.0,苏南瑞丽航空有限公司,Confirm,2026-02-06 10:44:52,21-5X-04
378419,0123FA2A,1.0,昆明航空有限公司,Done,2026-02-09 09:43:33,21-2x-29
378659,21230-03AC,1.0,北京飞机维修工程有限公司重庆分公司,Done,2026-02-10 01:29:44,21-3x-03
379669,824392-2-003,1.0,苏南瑞丽航空有限公司,Done,2026-02-13 00:07:12,21-3X-01
381368,398908-5,1.0,昆明航空有限公司,Done,2026-02-21 13:15:40,21-5X-35
381368,398908-5,1.0,昆明航空有限公司,Done,2026-02-21 13:15:40,21-6X-19
382462,398908-3,1.0,金鹏航空有限责任公司,Done,2026-02-25 23:20:30,21-5X-35
382462,398908-3,1.0,金鹏航空有限责任公司,Done,2026-02-25 23:20:30,21-6X-19
384979,67600014-1,1.0,海南航空控股股份有限公司,Confirm,2026-03-06 02:12:30,21-5X-11
384979,67600014-1,1.0,海南航空控股股份有限公司,Confirm,2026-03-06 02:12:30,21-5X-40
387006,398908-5,1.0,昆明航空有限公司,Done,2026-03-12 09:39:26,21-5X-35
387006,398908-5,1.0,昆明航空有限公司,Done,2026-03-12 09:39:26,21-6X-19
389516,720737-6,1.0,东海航空有限公司,Done,2026-03-19 10:05:54,21-3x-05
391175,4101054,1.0,九元航空有限公司,Done,2026-03-24 05:10:05,21-2x-25
391175,4101054,1.0,九元航空有限公司,Done,2026-03-24 05:10:05,21-2x-24
